mtllib bolt.mtl
o th_bolt
usemtl th_bolt
v 1.98409687648926 6.000906468588588 -1.6535147279298252
v 1.9624256921040422 6.004524349934321 -1.5560017662482812
v 2.0163783129213084 5.919595635115983 -1.601469783496415
v -0.07089507850580339 0.02602955876852751 0.0018401010003671063
v -0.03122571299211145 0.0011368019784058975 0.0007090749413424446
v -0.057027294651767535 0.014954652948464202 0.04182947919611899
v 0.09073351731692907 0.7264142225922408 0.024954903416030808
v 0.0426417216416126 0.745282031167775 0.09658491135803263
v 0.02662184811786711 0.7438991786855672 0.02865984725718878
v 1.3952692843673795 5.465554016940426 -1.8288032607895979
v 1.3914091502253638 5.476232536929737 -1.747236794559856
v 0.4227057430553262 5.360067063269264 -1.6850111919339634
v 0.41739760809474485 5.375610944349606 -1.6248075571168783
v 0.10705756746624753 4.717812461066204 -1.1857662894837506
v 0.11236979329451308 4.736041960579672 -1.0910509023860189
v 0.007897662902397788 3.8750150876977827 -1.0267786982347487
v 0.017121362215515214 3.8816596076480407 -0.9417475672238486
v -0.27508605074558656 3.2639809037241623 -0.7841411881696514
v -0.2547275443885192 3.2669473809209397 -0.6794745026169734
v -0.7678776510737413 2.8718500838871317 -0.6373960172362906
v -0.7397624693644367 2.8659615881284743 -0.5224744492757871
v -0.3011090916904239 1.7277425857740876 -0.4795296021207107
v -0.2734038909712735 1.7376942101698225 -0.3886508817935569
v 1.4225599404474203 5.428792766777486 -1.7851806228094649
v 0.4581093751445453 5.309038160419536 -1.6536825610420287
v 0.1748426285854338 4.6574478168694124 -1.1313436968080803
v 0.10394336782259633 3.812663059626488 -0.970880122997642
v -0.1917932619324288 3.205193401637229 -0.7290572961571258
v -0.6764572243501707 2.825931208253347 -0.5890427132831642
v -0.1953590371959725 1.6995150216256252 -0.46027504133841224
v 0.02619828171982006 3.841532523055362 -0.9701092608350419
v 0.038396491987638254 3.8711474426292374 -0.9315128121997375
v 0.09163450982776536 3.83511231242596 -0.9607274367100485
v 0.9282364051923891 1.8225966406176692 0.8507314865756432
v 0.9492008322396487 1.8117093851113075 0.8423599783050277
v 0.9488127296061182 1.8235188491899825 0.868219321706255
v 1.0511747875727617 2.0697671521719316 0.6926402628772921
v 1.032237044107699 2.103080175715294 0.7594004322479743
v 0.9920177493167787 2.0835698949408954 0.7352356030142039
v -0.03380236135227413 3.556852871636909 -0.7833662718016526
v -0.014465411054132085 3.5971092292769984 -0.7452132482124286
v -0.25686987591764987 3.449483582402997 -0.4424216370541579
v -0.23860023286534254 3.4854266222501797 -0.4184177481340996
v -0.07270748503161664 3.3610799015003607 -0.1285531859314662
v -0.06381920871403397 3.411548846973455 -0.09037187345184933
v 0.1379094134416102 3.128062582244525 0.04791352788585149
v 0.16323344789648653 3.1690824004884175 0.0737158377748727
v 0.2672421115642951 2.9846379976757476 0.27624835385690255
v 0.29594383374743144 3.0332726469671107 0.30706042249181
v 0.2966004178346724 2.850174926605554 0.5231652905785436
v 0.33859773215745265 2.8670632869425536 0.5518855863175145
v 0.5896419693681129 2.421712083915872 0.5755187860769284
v 0.6307910262543237 2.4503325750666076 0.6102382192684334
v 0.02017132494642911 3.555265097633262 -0.7655440582323676
v -0.20405251266493102 3.450829575497319 -0.43330717904606664
v -0.022057391533103977 3.3672446545327843 -0.1308201485770777
v 0.1913856490148519 3.1466686807633204 0.05226772097529658
v 0.32347178902290724 2.9932082088687326 0.2718450368584783
v 0.3556039535699639 2.8468018596089975 0.513878828200035
v 0.6420772204566012 2.4226199868986877 0.5572683940684607
v -0.6991163367137648 2.8618852356389852 -0.6328603271990827
v -0.7050821550751146 2.8853310006468087 -0.6065165493515825
v -0.7046961004772871 2.838018878883694 -0.5978068329369246
v -2.454665181158185 2.210854551358676 -0.2422670005806178
v -2.453853098456112 2.188151902370319 -0.23233762533485558
v -2.463072134839909 2.2068210680642895 -0.21959682456000468
v -2.2691430106137154 2.2284443686190807 -0.14255613766743297
v -2.2859773521833504 2.264362380347001 -0.12048760904819544
v -2.2809489548466426 2.2607953612214895 -0.15596291308958843
v -0.9166143950638582 2.819512772123883 -0.6967644953580591
v -0.9191237941359026 2.8395707078383556 -0.6668774921870475
v -1.1466517237033633 2.966573328291779 -0.7524802646271436
v -1.143286235493883 2.9908681879948102 -0.7325018446170877
v -1.3439636322194453 2.958066411069596 -0.6053498179599593
v -1.340449767585536 2.9899526593841697 -0.5726970527542714
v -1.5271233919154739 2.8283821486934304 -0.5192372500164264
v -1.5189389031659462 2.855264279894117 -0.47054278332502236
v -1.6960275844983896 2.791009015326723 -0.4166353485724347
v -1.6931005353261128 2.8008136182619747 -0.3885158727872189
v -1.8851372197754832 2.8038929092775744 -0.38671595146558296
v -1.8924095472053117 2.811660012869449 -0.3297962773921009
v -2.074276149822719 2.5144928651159293 -0.325003144328473
v -2.0809579189014324 2.5254420775882647 -0.2795574027603499
v -0.9223250609106701 2.8103927517800016 -0.6671768188167101
v -1.1493979355263022 2.9520582962045014 -0.7291390549252335
v -1.3275457329355729 2.9320948531271998 -0.5671276347721481
v -1.5039274068611275 2.803921005077525 -0.4623496646405507
v -1.6879896552406717 2.7700065714732505 -0.3848349234603648
v -1.8669915851211398 2.764548517914808 -0.3425041726774621
v -2.0547321686712205 2.4820042500798545 -0.30099317629681466
v 0.04347116341548106 4.266226694925149 -1.070226101169145
v 0.025465594135783594 4.295524902071111 -1.065069671828186
v 0.011729107173053449 4.257332161451777 -1.0476367923767789
v -1.5901799954742517 3.6552924613881648 -1.8559778700683094
v -1.5994302356238066 3.6387458136170685 -1.8443460415946007
v -1.6064965003998257 3.6575046930461634 -1.8461443235739752
v -1.520757844587487 3.7117195672755936 -1.6587139872223253
v -1.5517297606164888 3.7713384651105364 -1.673029043141245
v -1.5144954724304 3.7462691538839996 -1.6981114700251543
v -0.06882527170482411 4.181734440952132 -1.2552521455417518
v -0.09578432139647398 4.230440882434504 -1.2392178576493278
v -0.17242587625286723 4.286799892039024 -1.4914908376442306
v -0.17836142859417656 4.310284178279839 -1.4855563389441309
v -0.4138264535090584 4.320568844038844 -1.5172972910406404
v -0.42111829576932247 4.329374069319708 -1.520476185763807
v -0.6304428795861677 4.217347325967887 -1.5569412031721352
v -0.6478359995701496 4.254652673634951 -1.5412354510383661
v -0.8171776917848258 4.192836716943771 -1.6205816903424268
v -0.8387471786065698 4.227811300429482 -1.5913985785205165
v -0.9764570198214114 4.203969324381988 -1.720489994080252
v -1.0077387683556323 4.218777542236343 -1.6996168251030173
v -1.2111871697407441 3.9463626486061045 -1.7223533440877081
v -1.229661299576894 3.9570688674328 -1.714419797997425
v -0.10835081826673176 4.180420524811457 -1.2299765267151699
v -0.18979168825101878 4.281863119245745 -1.47722970154551
v -0.43101278936822995 4.315173546470666 -1.5187628242801496
v -0.6515951225574617 4.210394817266421 -1.5148283529673814
v -0.8437580784807912 4.183564281101131 -1.5738302602835947
v -0.9992262552667535 4.191687996180477 -1.6909834040619067
v -1.2182979858559126 3.9260823391742177 -1.7023426069362306
v 0.9722708570768819 1.480083886538422 -0.711830801579673
v 0.9738641907365952 1.507734017709779 -0.6980873178612476
v 0.9611861239952086 1.4796202325978807 -0.6795797301349766
v -0.17713185791162478 1.6158975925585508 -0.4000908098664641
v -0.1759327757489183 1.6150982310523874 -0.39730827392004575
v -0.17625243310988645 1.6155475466002218 -0.39720005987115875
v -0.059051586462946754 1.5957052525389512 -0.3389678110275871
v -0.06315992255504399 1.645020129367666 -0.33800338013434
v -0.06946459893759924 1.6283258007955075 -0.38153016390476974
v 0.8289076986223172 1.4954592298743987 -0.7420491674413815
v 0.8327036169134798 1.5108783694088261 -0.7322074583114261
v 0.7227453584299017 1.6052287069939313 -0.834261566798898
v 0.7373541963698248 1.6323717288081347 -0.8188584315930874
v 0.6107300625967429 1.6821122334450964 -0.7502835471489128
v 0.6231858542255966 1.7001844884631463 -0.7344308094582229
v 0.48572715550030354 1.6766381236017178 -0.6696745785275837
v 0.49768216986898695 1.7040058331044667 -0.6509092334679207
v 0.3799385123412892 1.7158234581886864 -0.6177163384306865
v 0.3895794453702781 1.7335240096509061 -0.597834515197941
v 0.2766162815360645 1.772169939885598 -0.6060174833842539
v 0.276123852769091 1.7876667536475848 -0.579006331048694
v 0.10657060047168468 1.6759375681757438 -0.5087037475152731
v 0.10506981085166917 1.697173335807935 -0.4867266051707786
v 0.8266873078993299 1.498834625009918 -0.7277091547898449
v 0.7153887558003376 1.601685445545784 -0.797786673718717
v 0.6181966595552345 1.6776768908782227 -0.7202694528055288
v 0.49471816512507505 1.6695560873740085 -0.6324999614688767
v 0.3834489406633366 1.7138412147674513 -0.592348277463527
v 0.2789638799702825 1.7597431013527873 -0.5739558028616075
v 0.11136977802135377 1.6575679527147356 -0.4888331411126974
v -1.9335927764930465 1.6665372409359083 -0.7571091221772672
v -1.9194342544404361 1.6619694128263267 -0.7364489511069889
v -1.9496484603867883 1.675900260844256 -0.7317884194596376
v -1.8094413119160255 2.795509451644801 -0.3876942550403672
v -1.8392342302593574 2.810810093557925 -0.3778997404640595
v -1.8109483169164982 2.806658124532214 -0.3558759812324903
v -1.8603444766853865 2.681349237731075 -0.3327746361291387
v -1.848413411438541 2.6791733216691207 -0.3256062250491937
v -1.8530463500232832 2.6748569281460335 -0.32933456050829246
v -1.8942357155955523 1.8060136088034031 -0.8007631208449029
v -1.8649711633859205 1.7876324718064034 -0.7447657951993083
v -1.7353347659492488 1.8917762145907546 -0.7949939047210707
v -1.7240987258285467 1.8766771687313424 -0.770166589067685
v -1.6912574613247189 2.0014636749915664 -0.6876849099399954
v -1.6792789752444535 1.9751126042846108 -0.6519896888634048
v -1.721626312180449 2.128752766575623 -0.6198717190912738
v -1.7046603763597779 2.1032145572551615 -0.5731796251633507
v -1.7031987912321649 2.2193748712267363 -0.5317993111315892
v -1.7034510339353368 2.216942107222858 -0.5196501539719997
v -1.644860773684535 2.3171421413412903 -0.495636823230854
v -1.6383656144006475 2.315373006925279 -0.45800899832679665
v -1.754628091675769 2.4993366514574094 -0.4466641928526466
v -1.7520224689196666 2.499145171836465 -0.4283735347387599
v -1.9079669474607606 1.8193125061783755 -0.7495011174461143
v -1.7552464242325314 1.9006404738955864 -0.7649453995158726
v -1.7260676607112677 1.9847007780665908 -0.6518912861114297
v -1.7622350941985303 2.111827639666297 -0.5734161282491059
v -1.7155877303943299 2.2192497743048247 -0.5165271559090197
v -1.6755640797159064 2.3159851727748455 -0.4727373296587838
v -1.7661623181365347 2.5029893578417517 -0.4364918042781162
v -1.0330663117216072 1.2941316417456672 0.04827760708933729
v -1.0575391823576252 1.3007020170793866 0.024776219227382046
v -1.020004304797218 1.290565849071818 0.014813977051832891
v -0.4401977299457402 2.163847350176116 -0.5272623690945082
v -0.4390056378883415 2.162511351837582 -0.5279639489571685
v -0.4402230023229285 2.163503236127304 -0.5289318652453204
v -0.48471255233065835 2.0440088730600174 -0.549362944700268
v -0.5118148616333614 2.0638201721574108 -0.5603410328490612
v -0.50676398132849 2.0655389093624947 -0.5388857735814965
v -0.9663333828967303 1.4275116545967785 0.047904229856159455
v -0.9891784726435738 1.4292853437187445 0.023444486696871505
v -1.0151273560088097 1.5991939124628674 0.06487244380130822
v -1.0344809100938746 1.5938067684930974 0.0424975402769593
v -0.9954511829182181 1.703966222885035 -0.05543429387210809
v -1.03715466811973 1.6915639203273911 -0.08767346137337162
v -0.9127167980179989 1.7595863069383937 -0.16564584309573266
v -0.9205613898264111 1.75505679173387 -0.17896512421970912
v -0.8749091831396075 1.8426080763776198 -0.2508026584327645
v -0.8828071775741356 1.8402329172471532 -0.26376438876192265
v -0.8588497635626812 1.9560068805880948 -0.2913021273427494
v -0.8731448510640283 1.9536100444587652 -0.3329100398113596
v -0.6689452670948057 2.004318015523824 -0.3911489791815102
v -0.6738737366565822 2.004752048950533 -0.4071594405952177
v -0.958634245119801 1.4250861302344606 0.01727239908740308
v -1.0022365151419759 1.5895588402446317 0.030021905394220394
v -0.9906470748492794 1.6656423383671242 -0.09215331376401462
v -0.9086374465900433 1.7464535980140992 -0.18695134117919765
v -0.8700886779149068 1.8341987969778701 -0.2659740331381934
v -0.8416416787180993 1.9273714975892882 -0.32268369262137137
v -0.6536253158490082 1.988500303722141 -0.3995229249593093
v 0.8567012665535328 5.413393508022814 -1.7040331687290546
v 0.8702418486566199 5.38694195403662 -1.7249744604085793
v 0.8249908111663559 5.388903221179324 -1.7098039206888014
v 0.4551491857877773 4.0833253254839885 -0.39013802318058943
v 0.4444292073349614 4.081947617343013 -0.3909728006863563
v 0.4496445514178964 4.074608259207135 -0.3934467086175291
v 0.39320031367389136 4.13625854945152 -0.5853169729829715
v 0.43251929695664343 4.101573962982565 -0.5952626695469566
v 0.4479188737169091 4.130790027661359 -0.5741596193686235
v 0.8842765656607193 5.3244919891076155 -1.4941208684185896
v 0.8936484667842147 5.298390102630533 -1.517022139442563
v 1.0844364201290049 5.195301465298451 -1.3485536164656928
v 1.0917611437775485 5.178344032224906 -1.368749579716766
v 1.0663968225898728 4.961188754349748 -1.2689254581482838
v 1.0748748527836836 4.931165055573321 -1.3170675167246022
v 0.9439026952427491 4.793000412337538 -1.1533078592794959
v 0.9543661480382671 4.756580135483597 -1.1957843904940768
v 0.9100859681071893 4.6199129047828755 -1.0607052854323038
v 0.9077096429277549 4.591153920502781 -1.095327437694967
v 0.9316387901687103 4.462112329137007 -0.9618460933885546
v 0.9293521864623916 4.42246665557948 -0.9792046873071073
v 0.6930714774243735 4.344434801160629 -0.7381161846924501
v 0.6857901295730079 4.316885631003493 -0.7563244738780628
v 0.8701609966592566 5.304192911575306 -1.5028448085360955
v 1.0580656286297963 5.175756582586629 -1.3540193967067342
v 1.0151839034048338 4.945055934888295 -1.3095411336389378
v 0.8982535668426169 4.772714232416738 -1.187355634497433
v 0.8801954160498221 4.601218548223695 -1.0824811377934727
v 0.8971720279264094 4.450598375870917 -0.96935346204446
v 0.6534854798289538 4.345817884800722 -0.7497500954651093
vt 0 0
vt 0 0
vt 0 0
vt 0 0
vt 0 0
vt 0 0
vt 0 0
vt 0 0
vt 0 0
vt 0 0
vt 0 0
vt 0 0
vt 0 0
vt 0 0
vt 0 0
vt 0 0
vt 0 0
vt 0 0
vt 0 0
vt 0 0
vt 0 0
vt 0 0
vt 0 0
vt 0 0
vt 0 0
vt 0 0
vt 0 0
vt 0 0
vt 0 0
vt 0 0
vt 0 0
vt 0 0
vt 0 0
vt 0 0
vt 0 0
vt 0 0
vt 0 0
vt 0 0
vt 0 0
vt 0 0
vt 0 0
vt 0 0
vt 0 0
vt 0 0
vt 0 0
vt 0 0
vt 0 0
vt 0 0
vt 0 0
vt 0 0
vt 0 0
vt 0 0
vt 0 0
vt 0 0
vt 0 0
vt 0 0
vt 0 0
vt 0 0
vt 0 0
vt 0 0
vt 0 0
vt 0 0
vt 0 0
vt 0 0
vt 0 0
vt 0 0
vt 0 0
vt 0 0
vt 0 0
vt 0 0
vt 0 0
vt 0 0
vt 0 0
vt 0 0
vt 0 0
vt 0 0
vt 0 0
vt 0 0
vt 0 0
vt 0 0
vt 0 0
vt 0 0
vt 0 0
vt 0 0
vt 0 0
vt 0 0
vt 0 0
vt 0 0
vt 0 0
vt 0 0
vt 0 0
vt 0 0
vt 0 0
vt 0 0
vt 0 0
vt 0 0
vt 0 0
vt 0 0
vt 0 0
vt 0 0
vt 0 0
vt 0 0
vt 0 0
vt 0 0
vt 0 0
vt 0 0
vt 0 0
vt 0 0
vt 0 0
vt 0 0
vt 0 0
vt 0 0
vt 0 0
vt 0 0
vt 0 0
vt 0 0
vt 0 0
vt 0 0
vt 0 0
vt 0 0
vt 0 0
vt 0 0
vt 0 0
vt 0 0
vt 0 0
vt 0 0
vt 0 0
vt 0 0
vt 0 0
vt 0 0
vt 0 0
vt 0 0
vt 0 0
vt 0 0
vt 0 0
vt 0 0
vt 0 0
vt 0 0
vt 0 0
vt 0 0
vt 0 0
vt 0 0
vt 0 0
vt 0 0
vt 0 0
vt 0 0
vt 0 0
vt 0 0
vt 0 0
vt 0 0
vt 0 0
vt 0 0
vt 0 0
vt 0 0
vt 0 0
vt 0 0
vt 0 0
vt 0 0
vt 0 0
vt 0 0
vt 0 0
vt 0 0
vt 0 0
vt 0 0
vt 0 0
vt 0 0
vt 0 0
vt 0 0
vt 0 0
vt 0 0
vt 0 0
vt 0 0
vt 0 0
vt 0 0
vt 0 0
vt 0 0
vt 0 0
vt 0 0
vt 0 0
vt 0 0
vt 0 0
vt 0 0
vt 0 0
vt 0 0
vt 0 0
vt 0 0
vt 0 0
vt 0 0
vt 0 0
vt 0 0
vt 0 0
vt 0 0
vt 0 0
vt 0 0
vt 0 0
vt 0 0
vt 0 0
vt 0 0
vt 0 0
vt 0 0
vt 0 0
vt 0 0
vt 0 0
vt 0 0
vt 0 0
vt 0 0
vt 0 0
vt 0 0
vt 0 0
vt 0 0
vt 0 0
vt 0 0
vt 0 0
vt 0 0
vt 0 0
vt 0 0
vt 0 0
vt 0 0
vt 0 0
vt 0 0
vt 0 0
vt 0 0
vt 0 0
vt 0 0
vt 0 0
vt 0 0
vt 0 0
vt 0 0
vt 0 0
vt 0 0
vt 0 0
vt 0 0
vt 0 0
vt 0 0
vt 0 0
vt 0 0
vt 0 0
vt 0 0
vt 0 0
vt 0 0
vn 0.22874198857937816 0.16725693302662753 -0.9590110640734432
vn -0.6271470032498839 0.6255441016969031 0.4640918154276211
vn 0.540861581321633 -0.6954755215262599 0.4730566021186462
vn -0.9882835780668309 0.11152676992625876 -0.10419860322114534
vn 0.40209316435677117 -0.06264480116386258 -0.913453182196383
vn 0.5813266758756763 -0.16047954199232523 0.7976876660180159
vn 0.791278988481047 -0.28519888339680666 -0.5408688928914526
vn 0.3351840719946227 0.40007601418194544 0.8529893438709485
vn -0.9189684620261624 -0.23533714738083591 -0.3164070050803559
vn -0.38766741723645465 0.43107847990702497 -0.814791579346685
vn -0.1946325839686432 0.5281915518864432 0.8265179016654629
vn -0.3420037472775422 0.19141489551481014 -0.9199966166368078
vn -0.3052574899337219 0.3958394174426091 0.866099890565782
vn -0.48090296716325936 -0.11214338068618909 -0.8695724227123613
vn -0.2839997934459575 0.4368559616961318 0.8535226921723883
vn -0.5154901663312758 -0.19304410156106044 -0.8348675722940955
vn -0.28025135491647335 0.3829526219270311 0.8802309171045363
vn -0.5767740682749005 0.01622014176363982 -0.8167426652053802
vn -0.15448370716012472 0.562623990368951 0.8121508663317322
vn -0.5708435204425346 0.13180789347760552 -0.8104099915387086
vn -0.5127051011808854 -0.09528635092816103 0.8532607986717152
vn -0.7847947682528883 -0.46990478405428543 -0.40408744801811275
vn -0.0382242077908686 0.271855141788551 0.9615787496725826
vn 0.5010243487423632 -0.8582304853468545 0.1114227803844134
vn 0.7515414950016819 -0.5892715066037367 0.2965543336314599
vn 0.9381894575235945 -0.2781121666308313 0.2060440840293365
vn 0.9709761164010722 -0.22303837839092766 -0.08636702578783535
vn 0.7017901076421391 -0.6771665621334514 -0.22121503552877514
vn 0.9922229597020614 -0.012800033260540005 -0.12381339745201315
vn 0.9066477332110453 0.29779335842517657 -0.29884612017077866
vn -0.24607264257229067 -0.4396549132279446 -0.8638007940792934
vn -0.5586065329201227 0.6100231391165326 0.5619879990901687
vn 0.9607540469694623 0.08355071539860356 0.2645202056331084
vn -0.8266071210231579 0.35897575818217936 0.4334248175997032
vn -0.3332090167208536 -0.3848080582018763 -0.8607522927758156
vn 0.8539419615840963 -0.09784288559727983 0.5110869749699198
vn 0.3994606527915482 -0.38308947665617565 -0.8328707221091683
vn 0.6038882320954176 0.6977468534773318 0.38531588547470225
vn -0.8524845574435171 -0.46637038114231083 0.23615407452234688
vn -0.7449358479866962 -0.46283185149096706 -0.4804760760222979
vn -0.09148587266644759 0.8455045661081868 0.5260725841484858
vn -0.8033259934130795 -0.4454258837393103 -0.3953013159628277
vn -0.11447546152975892 0.749708369499084 0.6517919372089329
vn -0.7089071486259505 -0.702239392824041 -0.06565432044539675
vn -0.07976677648980714 0.7863239827856912 0.612643334628292
vn -0.6529447332963061 -0.7572132728345655 0.017065600012356293
vn -0.13946815356539866 0.7134946150264616 0.6866396933394542
vn -0.819889789141567 -0.5722549490044809 -0.017464449641371588
vn -0.04874541370580661 0.8705392491184764 0.48967877265293924
vn -0.8898915725982691 -0.32625306479101035 -0.31882899293046163
vn 0.07491842677012683 0.31666694735968365 0.9455735157988449
vn -0.7235716967333008 -0.6692417756198205 0.16899540068215424
vn 0.2641240460266328 0.4323297040414264 0.8621655962249792
vn 0.8850591571557942 -0.4626218216201368 -0.051491149681684306
vn 0.9243371660195387 -0.2843330800469643 -0.2544710260638218
vn 0.8684155306275638 0.10092976287110118 -0.4854561248265695
vn 0.7293475071717593 0.00713604673389883 -0.6841061983488764
vn 0.8597097282785789 -0.2525162455972679 -0.44399856848038644
vn 0.7530867950150992 -0.011581037741450178 -0.657819244731193
vn 0.5190128538757022 0.37575963954771024 -0.7677436751929476
vn 0.3941121673686329 -0.5412640308840942 -0.7427710605584339
vn -0.10766612618702202 0.9931757015244004 0.04483337120266169
vn -0.09106342659349564 -0.45362761021807707 0.8865266175275773
vn -0.10908996019271044 0.8900141764809102 -0.4426896726242434
vn 0.416138748153566 -0.6203407838569778 -0.6648352082801371
vn -0.42824770498045756 -0.30505905452671295 0.8506132355132026
vn 0.3670438070770634 -0.9129314326250982 -0.17842377367229142
vn 0.24339736258776656 0.2877074640206022 0.9262732528968723
vn -0.5682895574891464 0.3679840226071534 -0.7359583805859188
vn 0.0590814449991414 0.012470643237658969 -0.9981752681338346
vn 0.12468460518602265 0.9075109427236602 0.4010955473031573
vn -0.06050149346884957 -0.13006781413974647 -0.9896574826741557
vn -0.10604910841602129 0.9098919753839972 0.4010613166786025
vn -0.2974076391795545 -0.3278745561676961 -0.8966866629851702
vn -0.024934715897014573 0.8815973561387133 0.47134314633010815
vn -0.475936761108976 -0.1729929386785381 -0.8622978850678349
vn -0.07504247608697963 0.8033325958539331 0.5907836890278171
vn -0.41405857768325366 -0.06147279587146382 -0.9081721145326289
vn 0.1822967241808492 0.8282440411884336 0.5298865091590687
vn -0.06896996910892435 0.07592016816237461 -0.9947257267344153
vn -0.49747767401096954 0.6862271257723813 0.530667782812196
vn -0.6598818657197807 0.13263460076054873 -0.7395701359406497
vn -0.24085670539881515 0.4329949286954447 0.8686215742131065
vn -0.20350261790394888 -0.820649160631219 0.5339678264291916
vn 0.23358966139710885 -0.5365357137546155 0.8109040004551767
vn 0.5511276327634029 -0.48629775465898795 0.678065502896464
vn 0.5464577311368517 -0.8085872953346142 0.2181067030245006
vn 0.17977979657887366 -0.9367722148527718 0.3002283168221994
vn 0.5851203163978405 -0.7034699674991981 0.40344047908603314
vn 0.8567268590423783 -0.5004361636499857 0.12483082594722084
vn 0.618489969525567 -0.7844644498305209 0.04566929546600802
vn 0.29833875853515 0.8537972807619414 -0.4266429285939474
vn -0.7695135726868862 -0.01989399386782426 0.6383205232942548
vn 0.3509857120311776 0.6906736457304521 -0.6322807485946199
vn 0.7558795587041688 -0.649787127035011 -0.08014226271311142
vn -0.921073766689938 -0.13873590224859364 0.36383439329299005
vn 0.13163232359898822 -0.7764634376638581 0.6162608711861843
vn -0.4995353901055406 0.6373820418350905 0.5866928726158488
vn 0.33944907550073766 -0.05110714980619938 -0.9392349995503687
vn 0.7849063228446468 -0.27735836519065526 -0.5540707550640642
vn -0.08087857342329423 0.992659342799791 0.08992266406918603
vn 0.7931800676817052 0.06942832614489138 -0.6050166012277381
vn -0.6144200815900107 0.6969641732384761 0.36976871766136743
vn 0.414167561194106 -0.584831774147113 -0.6974503761576637
vn -0.17956129981075536 0.9720922089127303 -0.15097839905576171
vn 0.3160441093600638 -0.6889551895504074 -0.652270547955652
vn -0.12625032823403537 0.9794877481656705 -0.15704969218098527
vn 0.3513988604497987 -0.3570196444607911 -0.8654801062668473
vn -0.13872329839722303 0.9566364573551324 0.2561299180900525
vn 0.5455427285107782 0.010402784708394898 -0.8380184445698831
vn -0.6449845164500133 0.7612686359043077 -0.06682093630096177
vn 0.14519958790998302 -0.2957878311015539 -0.9441539274096199
vn -0.6545423085842219 0.755017710208707 0.039020809120755034
vn -0.7050502240858136 -0.5769044542049689 0.4124141513515396
vn -0.5436856633205318 -0.7756825460766209 0.32050349017101826
vn -0.28074371315694685 0.24854577971371258 0.9270425895876374
vn -0.09666388472547748 -0.15516171760257705 0.9831484805360774
vn -0.2477587132621221 -0.7837168209155114 0.5695643638929507
vn 0.008860979525387289 -0.6673710948537547 0.7446726158491069
vn 0.2622267689895177 -0.10450781395861704 0.9593306199881818
vn 0.15972229014552405 -0.8220020795477794 -0.5466272690323778
vn 0.24611835446481747 0.9259667432707488 -0.28637623147198116
vn -0.18269388449319662 -0.18966670111900638 0.9647017606780969
vn -0.05896935355127138 0.9318486412136675 -0.3580233584697886
vn 0.18162489670739568 -0.7740066696822198 -0.6065690992652585
vn -0.4618943241546888 -0.016745995180357676 0.8867768631167048
vn 0.11301462967678963 -0.9914741205088979 0.06485955473271031
vn 0.2407102025267848 0.6067079850992516 0.7576041309393189
vn -0.47101427204867186 0.14752063910306834 -0.8697029473130937
vn -0.15969129862461243 -0.45257254786458384 -0.8773122466163024
vn 0.6039129074279912 0.7894250603508924 -0.10998760990157111
vn -0.2479976047741367 -0.503761443812404 -0.827479060613822
vn 0.47694527659418695 0.8747811655031551 0.08532945338765521
vn -0.46984637510096605 -0.3681594065535437 -0.8023110588609785
vn 0.3495465972595356 0.9264533347168534 0.1396473950215398
vn -0.5769366638395647 -0.27888775710808983 -0.7677015727826094
vn 0.27095726027142486 0.9541528373605508 0.12717911016756483
vn -0.4248941147379062 -0.1443880424811146 -0.8936537833241477
vn 0.47043724138955 0.8581486003602204 0.2055961614758037
vn -0.11450726084725725 -0.20981069087595577 -0.97101367714745
vn -0.2391046494367115 0.9581916759755 0.157154951271061
vn -0.5378083100174037 -0.17282591453047336 -0.825162665747142
vn -0.03753876980601665 0.882956810672903 0.46795097098711785
vn -0.3369306573268799 -0.2819410096957019 0.8983245511534486
vn -0.13106081634006306 -0.319988653975865 0.9383124872594366
vn 0.16113109050499236 -0.6385019732864375 0.7525636197571587
vn 0.27931947694306886 -0.7297084803963562 0.6241042889116296
vn -0.15572887573516717 -0.7538208154629361 0.6383593779659347
vn 0.34252357607143286 -0.604670237128277 0.7190629347744678
vn 0.6976063411733892 -0.4808421295039035 0.5311649830785427
vn -0.784887041200045 0.005804282834564102 -0.6196116871533456
vn 0.8620932908382614 -0.468951697764281 -0.19204026415222278
vn -0.3487899002397382 0.10269611401957725 0.9315573592946552
vn 0.581579612085762 -0.33503737473162987 -0.7412928654311411
vn -0.8920595358092619 0.20369229380411777 -0.40340951155938437
vn 0.2038064900173045 0.3491349450244514 0.9146407517651942
vn -0.7677889022317628 0.23181513845371612 0.5972955241699279
vn 0.17318626120096994 -0.6624373457682445 0.7288232171540316
vn 0.3989341976455184 0.2201524303210275 -0.8901597684532094
vn -0.00744170529944159 0.0224502853162736 -0.9997202637295365
vn 0.6997897788974123 -0.6279888603828376 0.3404765140002695
vn 0.06994442335871903 0.04985459154814519 -0.9963043196446475
vn 0.6705659953267471 -0.36396641545825864 0.6464284139252509
vn -0.06344420786581255 0.46607142227763976 -0.8824694112683892
vn 0.7945927378397296 -0.40912533614704183 0.4485965228297389
vn 0.3178119231797703 0.6084622513677861 -0.7271652289165239
vn 0.6197068265032889 -0.36017043871273696 0.6973096186506371
vn 0.42275966242596147 0.49996657171376857 -0.7558489895437238
vn 0.4935714650853859 -0.5835777688994837 0.6448443195840112
vn 0.2850180487444368 0.19864323867960137 -0.9377129494769669
vn 0.7274900931874906 -0.015208467337300682 0.6859496095452687
vn 0.722715424596917 0.5875800014684937 -0.36391229290034
vn 0.06408518909340707 -0.1265805631981167 0.989884058644905
vn -0.6290079391908249 0.5173570804973212 0.5802505180473342
vn -0.7810904208633407 0.4329806300791071 0.4499172461818159
vn -0.8944369091177201 -0.2073785487499273 0.3962029191289648
vn -0.9976208026518796 -0.05960275211762523 0.0346445674850241
vn -0.9205850180671635 0.38785488278076463 0.04573635767526104
vn -0.9675133015530887 -0.1685749903642008 0.18841572105732535
vn -0.8638638003107044 -0.4628223833973293 -0.19883353826546177
vn 0.5509816391559086 -0.39372806199662364 0.7357971503814423
vn -0.9324698414323584 0.32985890385574135 0.14728577109212249
vn 0.24557872418033863 -0.2517475546162563 -0.9361165840720334
vn -0.8183683285917037 0.5343813130122743 0.21144713538210652
vn 0.25054787730578887 -0.2647968635504829 0.9311865453449112
vn 0.3648530978860657 0.036050794858136594 -0.930366893839757
vn 0.8000090743077487 -0.50545258622997 0.32326949144435807
vn -0.4395431378446442 -0.30297259606451354 -0.8455823058742498
vn 0.009016968143140382 0.7098031172534518 0.704342408933885
vn 0.2840995987618942 0.15314477736580218 0.9464851267446887
vn -0.953994336945507 0.008603414992664657 -0.29970116170339867
vn 0.4765450431487939 0.15089593349923208 0.8661034805978494
vn -0.9627147367340458 0.16007369283145356 -0.21807509839135325
vn 0.3593120446176602 0.602790939587662 0.7124169690172326
vn -0.9121584798621227 0.06878463604548524 -0.40402423375301616
vn 0.16022276004811087 0.871628037626452 0.4632420870193315
vn -0.769157335275871 -0.024790995280085697 -0.6385784212955713
vn 0.5533352755308418 0.3578860651787396 0.7521553278439809
vn -0.9925000504536624 0.05575591357963932 -0.10878845504177888
vn 0.12587019529395832 0.40339853968703354 0.9063257207621495
vn -0.6582326076843047 0.43456213825966333 -0.6147239886097738
vn 0.20216648369379273 0.8014689937960496 0.5628287171550821
vn -0.46486652064684136 -0.035804992119853406 -0.8846564986032698
vn 0.6923590779828365 -0.15956350856880386 -0.7036891315545308
vn 0.5881952698357229 -0.4866120933835909 -0.6459372996783207
vn 0.6646795607778159 -0.6700592463418138 -0.33048704645727084
vn 0.7927126556143046 -0.5967436276899049 0.12451380823189619
vn 0.6123920090918515 -0.5843865682711301 -0.5324174734404734
vn 0.47107338789998887 -0.8252824912682338 -0.31144609937920836
vn 0.21561326813871332 -0.975584887077629 0.041773756214557096
vn -0.24396729179395898 0.9088026592749112 0.33846371597199465
vn 0.9202867652350623 -0.22491703362671167 -0.3201321566443244
vn -0.7539251215202042 -0.6155406410360084 -0.22957924639157845
vn 0.972242273908705 -0.2206355670969979 -0.07787751509015144
vn -0.12213903654655418 0.9474360477079269 0.29571437444781506
vn -0.5593894867604368 -0.827577381287357 -0.04689435022959317
vn -0.7154334973139096 0.6551610263857547 0.24273224018731526
vn -0.09144303411864009 -0.6774843626259746 -0.7298308776068977
vn 0.6618809696081978 0.2206787531084039 0.7163898868612203
vn 0.3879203691183322 0.7751222815883669 0.4987015498355112
vn 0.6178918433330024 -0.39930434729000264 -0.6773224550964253
vn 0.04592492700289762 0.7138589497120725 0.6987820125015777
vn 0.7151867705885704 -0.4502815505774458 -0.5345600138288148
vn 0.08299856954432311 0.5138118172819228 0.8538785943417507
vn 0.7020750864735619 -0.4840343233608404 -0.5223038835407544
vn 0.3578027128068798 0.2592716339550735 0.8970816231170406
vn 0.5465591014038557 -0.5938739756748328 -0.5904124403235235
vn 0.5905464279290761 0.32541509381365025 0.7384848902844674
vn 0.5230378961154044 -0.44402852936653264 -0.7275094668358383
vn 0.5909035370649444 0.596541292556402 0.5431127840138505
vn 0.43408821780554707 -0.8784081016814915 -0.1999165477461093
vn 0.41350660071650175 0.30171027081564883 0.8590594878401794
vn 0.13528055051601998 -0.8525426708862464 -0.5048466766952395
vn -0.8956224608604334 -0.4261000242346497 0.12766822999294875
vn -0.8285967475333593 -0.337104327426726 -0.4469766240054543
vn -0.905333391842307 0.0793831056700387 -0.4172166968728401
vn -0.9281417137989494 0.32330362751751485 -0.18446604983130335
vn -0.9925166701623223 0.06537374164694418 0.10313550966070911
vn -0.9083862061806035 0.047850632193452085 -0.4153851434747001
vn -0.6433476749152492 0.4133134220567092 -0.6444189509386851
f 1/1/1 2/2/2 3/3/3
f 4/4/4 5/5/5 6/6/6
f 7/7/7 8/8/8 6/6/6
f 7/7/7 6/6/6 5/5/5
f 9/9/9 7/7/7 5/5/5
f 9/9/9 5/5/5 4/4/4
f 8/8/8 9/9/9 4/4/4
f 8/8/8 4/4/4 6/6/6
f 2/2/2 1/1/1 10/10/10
f 2/2/2 10/10/10 11/11/11
f 11/11/11 10/10/10 12/12/12
f 11/11/11 12/12/12 13/13/13
f 13/13/13 12/12/12 14/14/14
f 13/13/13 14/14/14 15/15/15
f 15/15/15 14/14/14 16/16/16
f 15/15/15 16/16/16 17/17/17
f 17/17/17 16/16/16 18/18/18
f 17/17/17 18/18/18 19/19/19
f 19/19/19 18/18/18 20/20/20
f 19/19/19 20/20/20 21/21/21
f 21/21/21 20/20/20 22/22/22
f 21/21/21 22/22/22 23/23/23
f 23/23/23 22/22/22 9/9/9
f 23/23/23 9/9/9 8/8/8
f 1/1/1 3/3/3 24/24/24
f 1/1/1 24/24/24 10/10/10
f 10/10/10 24/24/24 25/25/25
f 10/10/10 25/25/25 12/12/12
f 12/12/12 25/25/25 26/26/26
f 12/12/12 26/26/26 14/14/14
f 14/14/14 26/26/26 27/27/27
f 14/14/14 27/27/27 16/16/16
f 16/16/16 27/27/27 28/28/28
f 16/16/16 28/28/28 18/18/18
f 18/18/18 28/28/28 29/29/29
f 18/18/18 29/29/29 20/20/20
f 20/20/20 29/29/29 30/30/30
f 20/20/20 30/30/30 22/22/22
f 22/22/22 30/30/30 7/7/7
f 22/22/22 7/7/7 9/9/9
f 3/3/3 2/2/2 11/11/11
f 3/3/3 11/11/11 24/24/24
f 24/24/24 11/11/11 13/13/13
f 24/24/24 13/13/13 25/25/25
f 25/25/25 13/13/13 15/15/15
f 25/25/25 15/15/15 26/26/26
f 26/26/26 15/15/15 17/17/17
f 26/26/26 17/17/17 27/27/27
f 27/27/27 17/17/17 19/19/19
f 27/27/27 19/19/19 28/28/28
f 28/28/28 19/19/19 21/21/21
f 28/28/28 21/21/21 29/29/29
f 29/29/29 21/21/21 23/23/23
f 29/29/29 23/23/23 30/30/30
f 30/30/30 23/23/23 8/8/8
f 30/30/30 8/8/8 7/7/7
f 31/31/31 32/32/32 33/33/33
f 34/34/34 35/35/35 36/36/36
f 37/37/37 38/38/38 36/36/36
f 37/37/37 36/36/36 35/35/35
f 39/39/39 37/37/37 35/35/35
f 39/39/39 35/35/35 34/34/34
f 38/38/38 39/39/39 34/34/34
f 38/38/38 34/34/34 36/36/36
f 32/32/32 31/31/31 40/40/40
f 32/32/32 40/40/40 41/41/41
f 41/41/41 40/40/40 42/42/42
f 41/41/41 42/42/42 43/43/43
f 43/43/43 42/42/42 44/44/44
f 43/43/43 44/44/44 45/45/45
f 45/45/45 44/44/44 46/46/46
f 45/45/45 46/46/46 47/47/47
f 47/47/47 46/46/46 48/48/48
f 47/47/47 48/48/48 49/49/49
f 49/49/49 48/48/48 50/50/50
f 49/49/49 50/50/50 51/51/51
f 51/51/51 50/50/50 52/52/52
f 51/51/51 52/52/52 53/53/53
f 53/53/53 52/52/52 39/39/39
f 53/53/53 39/39/39 38/38/38
f 31/31/31 33/33/33 54/54/54
f 31/31/31 54/54/54 40/40/40
f 40/40/40 54/54/54 55/55/55
f 40/40/40 55/55/55 42/42/42
f 42/42/42 55/55/55 56/56/56
f 42/42/42 56/56/56 44/44/44
f 44/44/44 56/56/56 57/57/57
f 44/44/44 57/57/57 46/46/46
f 46/46/46 57/57/57 58/58/58
f 46/46/46 58/58/58 48/48/48
f 48/48/48 58/58/58 59/59/59
f 48/48/48 59/59/59 50/50/50
f 50/50/50 59/59/59 60/60/60
f 50/50/50 60/60/60 52/52/52
f 52/52/52 60/60/60 37/37/37
f 52/52/52 37/37/37 39/39/39
f 33/33/33 32/32/32 41/41/41
f 33/33/33 41/41/41 54/54/54
f 54/54/54 41/41/41 43/43/43
f 54/54/54 43/43/43 55/55/55
f 55/55/55 43/43/43 45/45/45
f 55/55/55 45/45/45 56/56/56
f 56/56/56 45/45/45 47/47/47
f 56/56/56 47/47/47 57/57/57
f 57/57/57 47/47/47 49/49/49
f 57/57/57 49/49/49 58/58/58
f 58/58/58 49/49/49 51/51/51
f 58/58/58 51/51/51 59/59/59
f 59/59/59 51/51/51 53/53/53
f 59/59/59 53/53/53 60/60/60
f 60/60/60 53/53/53 38/38/38
f 60/60/60 38/38/38 37/37/37
f 61/61/61 62/62/62 63/63/63
f 64/64/64 65/65/65 66/66/66
f 67/67/67 68/68/68 66/66/66
f 67/67/67 66/66/66 65/65/65
f 69/69/69 67/67/67 65/65/65
f 69/69/69 65/65/65 64/64/64
f 68/68/68 69/69/69 64/64/64
f 68/68/68 64/64/64 66/66/66
f 62/62/62 61/61/61 70/70/70
f 62/62/62 70/70/70 71/71/71
f 71/71/71 70/70/70 72/72/72
f 71/71/71 72/72/72 73/73/73
f 73/73/73 72/72/72 74/74/74
f 73/73/73 74/74/74 75/75/75
f 75/75/75 74/74/74 76/76/76
f 75/75/75 76/76/76 77/77/77
f 77/77/77 76/76/76 78/78/78
f 77/77/77 78/78/78 79/79/79
f 79/79/79 78/78/78 80/80/80
f 79/79/79 80/80/80 81/81/81
f 81/81/81 80/80/80 82/82/82
f 81/81/81 82/82/82 83/83/83
f 83/83/83 82/82/82 69/69/69
f 83/83/83 69/69/69 68/68/68
f 61/61/61 63/63/63 84/84/84
f 61/61/61 84/84/84 70/70/70
f 70/70/70 84/84/84 85/85/85
f 70/70/70 85/85/85 72/72/72
f 72/72/72 85/85/85 86/86/86
f 72/72/72 86/86/86 74/74/74
f 74/74/74 86/86/86 87/87/87
f 74/74/74 87/87/87 76/76/76
f 76/76/76 87/87/87 88/88/88
f 76/76/76 88/88/88 78/78/78
f 78/78/78 88/88/88 89/89/89
f 78/78/78 89/89/89 80/80/80
f 80/80/80 89/89/89 90/90/90
f 80/80/80 90/90/90 82/82/82
f 82/82/82 90/90/90 67/67/67
f 82/82/82 67/67/67 69/69/69
f 63/63/63 62/62/62 71/71/71
f 63/63/63 71/71/71 84/84/84
f 84/84/84 71/71/71 73/73/73
f 84/84/84 73/73/73 85/85/85
f 85/85/85 73/73/73 75/75/75
f 85/85/85 75/75/75 86/86/86
f 86/86/86 75/75/75 77/77/77
f 86/86/86 77/77/77 87/87/87
f 87/87/87 77/77/77 79/79/79
f 87/87/87 79/79/79 88/88/88
f 88/88/88 79/79/79 81/81/81
f 88/88/88 81/81/81 89/89/89
f 89/89/89 81/81/81 83/83/83
f 89/89/89 83/83/83 90/90/90
f 90/90/90 83/83/83 68/68/68
f 90/90/90 68/68/68 67/67/67
f 91/91/91 92/92/92 93/93/93
f 94/94/94 95/95/95 96/96/96
f 97/97/97 98/98/98 96/96/96
f 97/97/97 96/96/96 95/95/95
f 99/99/99 97/97/97 95/95/95
f 99/99/99 95/95/95 94/94/94
f 98/98/98 99/99/99 94/94/94
f 98/98/98 94/94/94 96/96/96
f 92/92/92 91/91/91 100/100/100
f 92/92/92 100/100/100 101/101/101
f 101/101/101 100/100/100 102/102/102
f 101/101/101 102/102/102 103/103/103
f 103/103/103 102/102/102 104/104/104
f 103/103/103 104/104/104 105/105/105
f 105/105/105 104/104/104 106/106/106
f 105/105/105 106/106/106 107/107/107
f 107/107/107 106/106/106 108/108/108
f 107/107/107 108/108/108 109/109/109
f 109/109/109 108/108/108 110/110/110
f 109/109/109 110/110/110 111/111/111
f 111/111/111 110/110/110 112/112/112
f 111/111/111 112/112/112 113/113/113
f 113/113/113 112/112/112 99/99/99
f 113/113/113 99/99/99 98/98/98
f 91/91/91 93/93/93 114/114/114
f 91/91/91 114/114/114 100/100/100
f 100/100/100 114/114/114 115/115/115
f 100/100/100 115/115/115 102/102/102
f 102/102/102 115/115/115 116/116/116
f 102/102/102 116/116/116 104/104/104
f 104/104/104 116/116/116 117/117/117
f 104/104/104 117/117/117 106/106/106
f 106/106/106 117/117/117 118/118/118
f 106/106/106 118/118/118 108/108/108
f 108/108/108 118/118/118 119/119/119
f 108/108/108 119/119/119 110/110/110
f 110/110/110 119/119/119 120/120/120
f 110/110/110 120/120/120 112/112/112
f 112/112/112 120/120/120 97/97/97
f 112/112/112 97/97/97 99/99/99
f 93/93/93 92/92/92 101/101/101
f 93/93/93 101/101/101 114/114/114
f 114/114/114 101/101/101 103/103/103
f 114/114/114 103/103/103 115/115/115
f 115/115/115 103/103/103 105/105/105
f 115/115/115 105/105/105 116/116/116
f 116/116/116 105/105/105 107/107/107
f 116/116/116 107/107/107 117/117/117
f 117/117/117 107/107/107 109/109/109
f 117/117/117 109/109/109 118/118/118
f 118/118/118 109/109/109 111/111/111
f 118/118/118 111/111/111 119/119/119
f 119/119/119 111/111/111 113/113/113
f 119/119/119 113/113/113 120/120/120
f 120/120/120 113/113/113 98/98/98
f 120/120/120 98/98/98 97/97/97
f 121/121/121 122/122/122 123/123/123
f 124/124/124 125/125/125 126/126/126
f 127/127/127 128/128/128 126/126/126
f 127/127/127 126/126/126 125/125/125
f 129/129/129 127/127/127 125/125/125
f 129/129/129 125/125/125 124/124/124
f 128/128/128 129/129/129 124/124/124
f 128/128/128 124/124/124 126/126/126
f 122/122/122 121/121/121 130/130/130
f 122/122/122 130/130/130 131/131/131
f 131/131/131 130/130/130 132/132/132
f 131/131/131 132/132/132 133/133/133
f 133/133/133 132/132/132 134/134/134
f 133/133/133 134/134/134 135/135/135
f 135/135/135 134/134/134 136/136/136
f 135/135/135 136/136/136 137/137/137
f 137/137/137 136/136/136 138/138/138
f 137/137/137 138/138/138 139/139/139
f 139/139/139 138/138/138 140/140/140
f 139/139/139 140/140/140 141/141/141
f 141/141/141 140/140/140 142/142/142
f 141/141/141 142/142/142 143/143/143
f 143/143/143 142/142/142 129/129/129
f 143/143/143 129/129/129 128/128/128
f 121/121/121 123/123/123 144/144/144
f 121/121/121 144/144/144 130/130/130
f 130/130/130 144/144/144 145/145/145
f 130/130/130 145/145/145 132/132/132
f 132/132/132 145/145/145 146/146/146
f 132/132/132 146/146/146 134/134/134
f 134/134/134 146/146/146 147/147/147
f 134/134/134 147/147/147 136/136/136
f 136/136/136 147/147/147 148/148/148
f 136/136/136 148/148/148 138/138/138
f 138/138/138 148/148/148 149/149/149
f 138/138/138 149/149/149 140/140/140
f 140/140/140 149/149/149 150/150/150
f 140/140/140 150/150/150 142/142/142
f 142/142/142 150/150/150 127/127/127
f 142/142/142 127/127/127 129/129/129
f 123/123/123 122/122/122 131/131/131
f 123/123/123 131/131/131 144/144/144
f 144/144/144 131/131/131 133/133/133
f 144/144/144 133/133/133 145/145/145
f 145/145/145 133/133/133 135/135/135
f 145/145/145 135/135/135 146/146/146
f 146/146/146 135/135/135 137/137/137
f 146/146/146 137/137/137 147/147/147
f 147/147/147 137/137/137 139/139/139
f 147/147/147 139/139/139 148/148/148
f 148/148/148 139/139/139 141/141/141
f 148/148/148 141/141/141 149/149/149
f 149/149/149 141/141/141 143/143/143
f 149/149/149 143/143/143 150/150/150
f 150/150/150 143/143/143 128/128/128
f 150/150/150 128/128/128 127/127/127
f 151/151/151 152/152/152 153/153/153
f 154/154/154 155/155/155 156/156/156
f 157/157/157 158/158/158 156/156/156
f 157/157/157 156/156/156 155/155/155
f 159/159/159 157/157/157 155/155/155
f 159/159/159 155/155/155 154/154/154
f 158/158/158 159/159/159 154/154/154
f 158/158/158 154/154/154 156/156/156
f 152/152/152 151/151/151 160/160/160
f 152/152/152 160/160/160 161/161/161
f 161/161/161 160/160/160 162/162/162
f 161/161/161 162/162/162 163/163/163
f 163/163/163 162/162/162 164/164/164
f 163/163/163 164/164/164 165/165/165
f 165/165/165 164/164/164 166/166/166
f 165/165/165 166/166/166 167/167/167
f 167/167/167 166/166/166 168/168/168
f 167/167/167 168/168/168 169/169/169
f 169/169/169 168/168/168 170/170/170
f 169/169/169 170/170/170 171/171/171
f 171/171/171 170/170/170 172/172/172
f 171/171/171 172/172/172 173/173/173
f 173/173/173 172/172/172 159/159/159
f 173/173/173 159/159/159 158/158/158
f 151/151/151 153/153/153 174/174/174
f 151/151/151 174/174/174 160/160/160
f 160/160/160 174/174/174 175/175/175
f 160/160/160 175/175/175 162/162/162
f 162/162/162 175/175/175 176/176/176
f 162/162/162 176/176/176 164/164/164
f 164/164/164 176/176/176 177/177/177
f 164/164/164 177/177/177 166/166/166
f 166/166/166 177/177/177 178/178/178
f 166/166/166 178/178/178 168/168/168
f 168/168/168 178/178/178 179/179/179
f 168/168/168 179/179/179 170/170/170
f 170/170/170 179/179/179 180/180/180
f 170/170/170 180/180/180 172/172/172
f 172/172/172 180/180/180 157/157/157
f 172/172/172 157/157/157 159/159/159
f 153/153/153 152/152/152 161/161/161
f 153/153/153 161/161/161 174/174/174
f 174/174/174 161/161/161 163/163/163
f 174/174/174 163/163/163 175/175/175
f 175/175/175 163/163/163 165/165/165
f 175/175/175 165/165/165 176/176/176
f 176/176/176 165/165/165 167/167/167
f 176/176/176 167/167/167 177/177/177
f 177/177/177 167/167/167 169/169/169
f 177/177/177 169/169/169 178/178/178
f 178/178/178 169/169/169 171/171/171
f 178/178/178 171/171/171 179/179/179
f 179/179/179 171/171/171 173/173/173
f 179/179/179 173/173/173 180/180/180
f 180/180/180 173/173/173 158/158/158
f 180/180/180 158/158/158 157/157/157
f 181/181/181 182/182/182 183/183/183
f 184/184/184 185/185/185 186/186/186
f 187/187/187 188/188/188 186/186/186
f 187/187/187 186/186/186 185/185/185
f 189/189/189 187/187/187 185/185/185
f 189/189/189 185/185/185 184/184/184
f 188/188/188 189/189/189 184/184/184
f 188/188/188 184/184/184 186/186/186
f 182/182/182 181/181/181 190/190/190
f 182/182/182 190/190/190 191/191/191
f 191/191/191 190/190/190 192/192/192
f 191/191/191 192/192/192 193/193/193
f 193/193/193 192/192/192 194/194/194
f 193/193/193 194/194/194 195/195/195
f 195/195/195 194/194/194 196/196/196
f 195/195/195 196/196/196 197/197/197
f 197/197/197 196/196/196 198/198/198
f 197/197/197 198/198/198 199/199/199
f 199/199/199 198/198/198 200/200/200
f 199/199/199 200/200/200 201/201/201
f 201/201/201 200/200/200 202/202/202
f 201/201/201 202/202/202 203/203/203
f 203/203/203 202/202/202 189/189/189
f 203/203/203 189/189/189 188/188/188
f 181/181/181 183/183/183 204/204/204
f 181/181/181 204/204/204 190/190/190
f 190/190/190 204/204/204 205/205/205
f 190/190/190 205/205/205 192/192/192
f 192/192/192 205/205/205 206/206/206
f 192/192/192 206/206/206 194/194/194
f 194/194/194 206/206/206 207/207/207
f 194/194/194 207/207/207 196/196/196
f 196/196/196 207/207/207 208/208/208
f 196/196/196 208/208/208 198/198/198
f 198/198/198 208/208/208 209/209/209
f 198/198/198 209/209/209 200/200/200
f 200/200/200 209/209/209 210/210/210
f 200/200/200 210/210/210 202/202/202
f 202/202/202 210/210/210 187/187/187
f 202/202/202 187/187/187 189/189/189
f 183/183/183 182/182/182 191/191/191
f 183/183/183 191/191/191 204/204/204
f 204/204/204 191/191/191 193/193/193
f 204/204/204 193/193/193 205/205/205
f 205/205/205 193/193/193 195/195/195
f 205/205/205 195/195/195 206/206/206
f 206/206/206 195/195/195 197/197/197
f 206/206/206 197/197/197 207/207/207
f 207/207/207 197/197/197 199/199/199
f 207/207/207 199/199/199 208/208/208
f 208/208/208 199/199/199 201/201/201
f 208/208/208 201/201/201 209/209/209
f 209/209/209 201/201/201 203/203/203
f 209/209/209 203/203/203 210/210/210
f 210/210/210 203/203/203 188/188/188
f 210/210/210 188/188/188 187/187/187
f 211/211/211 212/212/212 213/213/213
f 214/214/214 215/215/215 216/216/216
f 217/217/217 218/218/218 216/216/216
f 217/217/217 216/216/216 215/215/215
f 219/219/219 217/217/217 215/215/215
f 219/219/219 215/215/215 214/214/214
f 218/218/218 219/219/219 214/214/214
f 218/218/218 214/214/214 216/216/216
f 212/212/212 211/211/211 220/220/220
f 212/212/212 220/220/220 221/221/221
f 221/221/221 220/220/220 222/222/222
f 221/221/221 222/222/222 223/223/223
f 223/223/223 222/222/222 224/224/224
f 223/223/223 224/224/224 225/225/225
f 225/225/225 224/224/224 226/226/226
f 225/225/225 226/226/226 227/227/227
f 227/227/227 226/226/226 228/228/228
f 227/227/227 228/228/228 229/229/229
f 229/229/229 228/228/228 230/230/230
f 229/229/229 230/230/230 231/231/231
f 231/231/231 230/230/230 232/232/232
f 231/231/231 232/232/232 233/233/233
f 233/233/233 232/232/232 219/219/219
f 233/233/233 219/219/219 218/218/218
f 211/211/211 213/213/213 234/234/234
f 211/211/211 234/234/234 220/220/220
f 220/220/220 234/234/234 235/235/235
f 220/220/220 235/235/235 222/222/222
f 222/222/222 235/235/235 236/236/236
f 222/222/222 236/236/236 224/224/224
f 224/224/224 236/236/236 237/237/237
f 224/224/224 237/237/237 226/226/226
f 226/226/226 237/237/237 238/238/238
f 226/226/226 238/238/238 228/228/228
f 228/228/228 238/238/238 239/239/239
f 228/228/228 239/239/239 230/230/230
f 230/230/230 239/239/239 240/240/240
f 230/230/230 240/240/240 232/232/232
f 232/232/232 240/240/240 217/217/217
f 232/232/232 217/217/217 219/219/219
f 213/213/213 212/212/212 221/221/221
f 213/213/213 221/221/221 234/234/234
f 234/234/234 221/221/221 223/223/223
f 234/234/234 223/223/223 235/235/235
f 235/235/235 223/223/223 225/225/225
f 235/235/235 225/225/225 236/236/236
f 236/236/236 225/225/225 227/227/227
f 236/236/236 227/227/227 237/237/237
f 237/237/237 227/227/227 229/229/229
f 237/237/237 229/229/229 238/238/238
f 238/238/238 229/229/229 231/231/231
f 238/238/238 231/231/231 239/239/239
f 239/239/239 231/231/231 233/233/233
f 239/239/239 233/233/233 240/240/240
f 240/240/240 233/233/233 218/218/218
f 240/240/240 218/218/218 217/217/217
f 9/9/9 7/7/7 8/8/8
o th_bolt001
usemtl th_bolt
v 3.1202033265854277 4.6219554700130105 -0.1580795542498819
v 3.18887208712607 4.610477146912555 -0.17391251699027238
v 3.1308142930921647 4.565488210624449 -0.20264223587256247
v 3.76753459884317 0.006493805197101274 0.05525802161789308
v 3.7515538756824314 -0.004235591951191441 0.027886294219139504
v 3.7872237686334365 -0.0032542792374542426 0.033033552808743954
v 3.8519763778977896 0.5115142788720057 0.013950782412895183
v 3.9141414727531187 0.5091460109135256 0.02441096536939931
v 3.8752538847758946 0.5130003288781052 0.055376437628988084
v 3.086449655215762 4.179340708809583 0.2184311266674669
v 3.141132200651228 4.177262725140646 0.19684871054872732
v 3.4342295527776483 3.9373139531106913 0.7834997922846976
v 3.476543274907893 3.940663493639808 0.769889172956886
v 3.7346868672006552 3.391467981827483 0.767965486915138
v 3.7963868056487016 3.394616309974445 0.7372358236882183
v 3.7249620022878074 2.778656537279206 0.69946898051368
v 3.7774999473080655 2.775498683476711 0.6680883858156917
v 3.8582775636083624 2.287194944769514 0.7451236463318671
v 3.9195553583342324 2.281146101043245 0.7002473239348365
v 4.025724732266927 1.923526177367149 0.975450884940496
v 4.089879579015715 1.9115032815054154 0.9216083449198768
v 3.806413653750601 1.19305457435389 0.5171320462713112
v 3.8580100935455612 1.194464948174828 0.47250214284242587
v 3.1004431325134165 4.15364897313731 0.18401417208845644
v 3.4357783925731313 3.904416955943503 0.7462942803107284
v 3.74026219207039 3.354775208867626 0.7021076868148358
v 3.7231937190737647 2.744908718266226 0.61495596497561
v 3.8601676603107204 2.2539699184752426 0.6693367041289484
v 4.023167021649363 1.9011697177839684 0.8978196816699661
v 3.7842400904284625 1.1882840349018757 0.44105931197113196
v 3.750317225617886 2.7523882925813807 0.6670886263226312
v 3.7762864275644263 2.7705256562500065 0.6503524495034074
v 3.7368047408138043 2.7573112832292703 0.6218800775723728
v 4.321429232978277 1.3090925595414207 -0.6660191877775612
v 4.308416388186424 1.3058231020454496 -0.6778705452028095
v 4.326903527796896 1.3110932034194631 -0.6844180540573359
v 4.227022623465977 1.5157126375167724 -0.6714438924344138
v 4.280263525012688 1.528423959087614 -0.6766423098701125
v 4.273016112471006 1.5112459334780477 -0.645499694157925
v 3.8390459009089666 2.5268206491511847 0.6199158869667076
v 3.864474924960779 2.553458068324949 0.5998128009924111
v 4.100851035663447 2.380793137687006 0.6466191824293513
v 4.11687837104342 2.4058227673939006 0.6311249212495607
v 4.233944151721751 2.3151829721303896 0.4240510826499504
v 4.264012628431512 2.3471913108582667 0.4115995291111606
v 4.248470823062921 2.1690982666376875 0.2126915501188028
v 4.2644908660935865 2.1985432187293883 0.19264801639757906
v 4.3335833965141255 2.0661951886229946 0.04596512129638265
v 4.353089610826354 2.100873057287908 0.02297631374308784
v 4.460120469015699 1.9516302910979344 -0.06189946313175648
v 4.469331177922013 1.966793177563726 -0.09583372362995446
v 4.340407765088868 1.6975137494915278 -0.30679105836148607
v 4.355600417157319 1.719967065148284 -0.34087806062768006
v 3.8349192054480703 2.5323428603695097 0.5798888362741148
v 4.091998411811869 2.38909220273682 0.610295575571116
v 4.219261096992361 2.327684952745873 0.3930825997543396
v 4.239247480306122 2.1898929138389844 0.17910752711713077
v 4.31636789941736 2.08146619567783 0.012335053775573729
v 4.43705553815405 1.9596496773621281 -0.09696769356769785
v 4.314199100813086 1.7084083026686252 -0.3344965552936649
v 4.007613143758048 1.9270599691899164 0.9292663908622227
v 4.029892853412581 1.9394021532764385 0.9272664328485728
v 4.027534549762786 1.9059659768777126 0.9196948522245476
v 4.642868560708635 1.1590652833044757 1.8637120763691573
v 4.645214880293508 1.142498752103477 1.8579107213693433
v 4.6589790534697935 1.1525094307695716 1.8616988205138265
v 4.656913636796363 1.189750264715532 1.7165638041818494
v 4.681587715217499 1.209416923704209 1.7240286051106313
v 4.657039369506532 1.2115920528987176 1.7313870212644558
v 4.021247218546594 1.8703921221327953 1.0833394976323598
v 4.04424844936254 1.8805671257762355 1.077714673874493
v 4.074785324775931 1.9412059884634716 1.26148687277086
v 4.090532776542319 1.9562969692344214 1.2555829865238226
v 4.222431309082492 1.888228475506145 1.341108270172972
v 4.247441208307129 1.9071968937236816 1.331956638429763
v 4.307375140555836 1.7607013901482453 1.4185818360580418
v 4.340442145108377 1.7752318294778404 1.4010283428788477
v 4.413975505024915 1.6971683505552786 1.4909660071894903
v 4.4326360317332405 1.7013392203689164 1.4814141491817039
v 4.488340003487761 1.6728754055797963 1.6035173215679743
v 4.527839861263835 1.6709177535238247 1.5914046049389625
v 4.533179123844489 1.4371369850464324 1.6766207031196458
v 4.565744193602298 1.4387024524774157 1.6679737107430468
v 4.040158167244325 1.8600152367933847 1.0769809029877406
v 4.088004236262557 1.9282609135278146 1.254631140051223
v 4.237828373576722 1.868824365633994 1.3163396552276463
v 4.332975527463183 1.7413919565167655 1.3839013137727032
v 4.428467666743844 1.6805515022448119 1.4740000109511016
v 4.50485694548126 1.6438953898913016 1.5744921247571475
v 4.53759146188483 1.415279054792325 1.6535921126920519
v 3.7517087132797777 3.058178152074617 0.7285885138550043
v 3.7648748505473315 3.074932061347931 0.7413517492496571
v 3.773536172213875 3.0445935152788284 0.7409904893628748
v 3.611634192416136 2.4641949983611955 1.9511603340311188
v 3.618907722562539 2.450088210324648 1.951850974620402
v 3.62284051182196 2.4620725660422527 1.9587486183317553
v 3.7267479820624008 2.4926896133683583 1.851790076353141
v 3.736178019632675 2.530360047368874 1.8817820365878752
v 3.705631537370978 2.5217123368463183 1.8633121243917916
v 3.6518225721800515 3.0022645306492675 0.8487550458217061
v 3.6776157685495567 3.0297810358922788 0.8657828239470018
v 3.5481319925995694 3.08369836044855 0.9977506364382036
v 3.5574385694117723 3.098277538164642 1.0020132560134458
v 3.605235482121766 3.071524522377519 1.1628115015112392
v 3.606716492545847 3.07677317343285 1.1693000317385178
v 3.6240273299871446 2.9705034135830175 1.302884355503003
v 3.6450431597924875 2.9917239373767504 1.3127986717249795
v 3.6321090268085583 2.930966027528511 1.4390300025031946
v 3.662482304455135 2.9484653104151333 1.447230596346875
v 3.6152779526259304 2.9242193012623714 1.5723393877202685
v 3.6397853653383216 2.9272030907047033 1.5873037788665618
v 3.637775987473399 2.710014695801229 1.6971697595978457
v 3.6497797457821544 2.713600980533876 1.707551388604248
v 3.6787955066261935 2.99237420805734 0.8660343446913136
v 3.5612712421692514 3.0760120733856477 1.003943422346864
v 3.608253807819903 3.065250752567146 1.1736825703259044
v 3.6556016119053476 2.9578208806088506 1.3027242322018175
v 3.6677774675625185 2.9153268633894354 1.4406736677537517
v 3.638418732515706 2.9089764746674103 1.5765639838317738
v 3.649158112930409 2.6927717448895847 1.6935531827972239
v 3.259601684993258 1.249245144248749 -0.24705454024146178
v 3.272437486230823 1.2670383247446484 -0.2495818776444474
v 3.2831423657887915 1.2436865549767608 -0.24995825770232905
v 3.8036002834215075 1.1271259754281402 0.40272092910313095
v 3.8048996591265536 1.1264649530866053 0.4010225080468867
v 3.8051323421295495 1.1267118538126064 0.4012370135395981
v 3.8058873954566614 1.1253108539557306 0.3067021220041203
v 3.8157712968571253 1.1584906113030082 0.31386615193983214
v 3.7871358168524383 1.1507094843923291 0.3296328361334934
v 3.2832796229183154 1.2404048705491708 -0.14490658131172668
v 3.2910031492674996 1.2505519923654447 -0.14883823402444327
v 3.272618880468319 1.3091048265457421 -0.03812061751981913
v 3.2827624889908633 1.3284292894043526 -0.04950099144769313
v 3.370170731517296 1.3352079524109188 0.014967084193779845
v 3.379713548063689 1.3479014318619755 0.003929381859337416
v 3.4556854514160555 1.3029488292427667 0.0692779081363433
v 3.4687498394236553 1.3216445919351871 0.05857621389676512
v 3.5249316552819643 1.3075572219858336 0.12454566860788402
v 3.5377662720554985 1.3191140641876835 0.11402554069197043
v 3.5707209026207454 1.328715636339443 0.19231148601249212
v 3.590576169508674 1.3363820541266849 0.18583826751504331
v 3.664596652687477 1.2250718014858704 0.2612691938308995
v 3.6824807457097712 1.2370717323248328 0.25755056053258174
v 3.2935736929145523 1.240826386104973 -0.14757150629222548
v 3.2972878669581727 1.3015605892831685 -0.04500140678932241
v 3.386414473724606 1.330093750397204 0.0005416181390129615
v 3.4756154198240488 1.2954807732906317 0.051418608916816794
v 3.539739855830612 1.3040071055171336 0.11431091491750126
v 3.5883918672087423 1.3170710725403678 0.1797328598246178
v 3.6728517613492415 1.2110434199737812 0.2502950231042863
v 4.0794310716875755 0.9226106786577667 1.636629353772468
v 4.087824599771 0.9194751616089607 1.6208045282537968
v 4.101583348489006 0.9237763056891423 1.6399897330710775
v 4.465032343988292 1.6791906254424693 1.5547659731825894
v 4.482160766817415 1.683946158319541 1.572238023521856
v 4.487512845027782 1.6831849713897324 1.547033447244186
v 4.495479360560518 1.5866454182355847 1.5590932635565455
v 4.49631886121229 1.5862614238382944 1.5490727335019912
v 4.494543154097275 1.5829610770771558 1.552747534178804
v 4.0635594351104825 1.0295316172806352 1.638679397822534
v 4.087886321808179 1.015462414273371 1.6010032992967334
v 4.036611414971343 1.1130670230522521 1.544084996221026
v 4.046743069485685 1.1017720470172871 1.5278061040137005
v 4.110452810088423 1.183921770001971 1.4937644974644722
v 4.125431016894174 1.1638271106935578 1.4725644596109573
v 4.1830439153926955 1.2593763529229678 1.5047545760467278
v 4.203741010889509 1.2394417861460854 1.4770739219409488
v 4.24874227266019 1.3151321228789445 1.4748215843291228
v 4.25613426897861 1.3121051975082354 1.4710061916924004
v 4.271391637130927 1.3877301316375517 1.436129651944626
v 4.293186373165744 1.3834740135431116 1.42024291905125
v 4.363391869024524 1.4904377458923435 1.508895414383122
v 4.374251426160314 1.488741573397735 1.5015900893491354
v 4.102191856187856 1.0309698277207469 1.632965529758547
v 4.062771696322348 1.1127683231080596 1.5483988778012798
v 4.140241058405925 1.1630102866780263 1.5032868111372517
v 4.221213747334785 1.236283387065504 1.5146757547009715
v 4.2619149491520165 1.3114350856153365 1.4780049465841258
v 4.29439703694529 1.379600647076388 1.4485342712113953
v 4.373704473670794 1.4900266551309163 1.5134739483428812
v 4.276535259407238 0.721814329139177 0.7785497010803983
v 4.269568752883134 0.7250027213841072 0.8020168701295343
v 4.251004365288801 0.7250441450099224 0.7801708870537957
v 3.886986709395294 1.476291976336431 0.663263056493442
v 3.885985449473611 1.475637122073158 0.662588132591753
v 3.885876165489153 1.476231616523831 0.6637589159195278
v 3.865751674671057 1.389174220357144 0.6866545283628388
v 3.8696631124348233 1.3997043140084344 0.709245103337695
v 3.882159948355233 1.3993675148090268 0.6995959430734906
v 4.279461540814257 0.8241948224750065 0.7492452396518106
v 4.270638504696443 0.8244437186265485 0.7714990093000033
v 4.3322294538991235 0.9327761821131895 0.7919748489393175
v 4.322570355989398 0.9284248227824137 0.8106594527241128
v 4.26747102990084 1.0209866636209146 0.8267352546170482
v 4.256679388899333 1.0093374735988188 0.8620053073511271
v 4.183291454011034 1.084262380470871 0.8133861860333805
v 4.176289227936177 1.0813436901783233 0.8220365935762646
v 4.132189778303544 1.1565764620794328 0.8236458008481367
v 4.125784313272339 1.1550931151284067 0.832431822239833
v 4.120589697588714 1.2415255738069808 0.8370083425425792
v 4.097775432637117 1.2421109110960695 0.8586799088026992
v 4.011629046533776 1.3156105433340384 0.7514707376531804
v 4.002912382576852 1.3168596205025551 0.7595784551193481
v 4.257427509597159 0.8270545986372342 0.7535242254501361
v 4.304866623418466 0.9319524637165234 0.7935356663838995
v 4.236476272716772 0.9993441412316402 0.8312057555317883
v 4.166441747982392 1.0781737001579013 0.8160510922499257
v 4.119807171439824 1.1531923709182463 0.8244154538957581
v 4.091089923752876 1.2279358018018887 0.8328853998619891
v 3.9993921388129494 1.3080554587117845 0.7427322470961577
v 3.308756435237085 4.044740348110471 0.5180718835211902
v 3.287283540743307 4.030944626486776 0.5132886038982423
v 3.3099847704565732 4.0234940709287 0.5376459095958787
v 4.03796074980469 2.9239669909056176 0.2391280168283063
v 4.04022091382018 2.921412846157629 0.2460796373056442
v 4.035972993781671 2.917455202540047 0.24279694180134365
v 3.9400633126824745 2.9716816504418038 0.34383544224496176
v 3.916967912321428 2.955111575374716 0.31843679518353024
v 3.930852594457413 2.9753716406082185 0.30500285305915953
v 3.419774360349858 3.965243909652376 0.4272007881193803
v 3.3982867291895227 3.9512409607765844 0.42571079322798167
v 3.434690819084274 3.8922882032464954 0.2422054266625117
v 3.4170034368237774 3.8839613309082517 0.24208565248534186
v 3.451853178051449 3.7197324450055285 0.20621314559904025
v 3.4139302508515486 3.70561726175873 0.2126718134403482
v 3.532137187158534 3.572121408508594 0.23217673674672318
v 3.4962035624109187 3.553306555566828 0.23499944904653824
v 3.5720276492771283 3.4376589626813625 0.20823881826285467
v 3.54596051346124 3.4212352925174505 0.21757860016105685
v 3.602824764502459 3.321801209497009 0.14859939779838766
v 3.585912726092245 3.2960347601587876 0.15150242988319632
v 3.7928016393464183 3.178895554095921 0.22022220543540852
v 3.7787459087683613 3.160754291815847 0.22775693912227227
v 3.414862962696427 3.949985051544512 0.4368844287125227
v 3.435423746684376 3.8752569091850817 0.2587691997630466
v 3.437800732598131 3.70491673514785 0.24975237133101247
v 3.5200094347500253 3.554618335255505 0.2697428056235186
v 3.5635255148918175 3.4224186351214705 0.23214582846193477
v 3.6058604422997487 3.3092356062651844 0.1717381566972014
v 3.7967778172574764 3.174840433471585 0.24915859068933865
vt 0 0
vt 0 0
vt 0 0
vt 0 0
vt 0 0
vt 0 0
vt 0 0
vt 0 0
vt 0 0
vt 0 0
vt 0 0
vt 0 0
vt 0 0
vt 0 0
vt 0 0
vt 0 0
vt 0 0
vt 0 0
vt 0 0
vt 0 0
vt 0 0
vt 0 0
vt 0 0
vt 0 0
vt 0 0
vt 0 0
vt 0 0
vt 0 0
vt 0 0
vt 0 0
vt 0 0
vt 0 0
vt 0 0
vt 0 0
vt 0 0
vt 0 0
vt 0 0
vt 0 0
vt 0 0
vt 0 0
vt 0 0
vt 0 0
vt 0 0
vt 0 0
vt 0 0
vt 0 0
vt 0 0
vt 0 0
vt 0 0
vt 0 0
vt 0 0
vt 0 0
vt 0 0
vt 0 0
vt 0 0
vt 0 0
vt 0 0
vt 0 0
vt 0 0
vt 0 0
vt 0 0
vt 0 0
vt 0 0
vt 0 0
vt 0 0
vt 0 0
vt 0 0
vt 0 0
vt 0 0
vt 0 0
vt 0 0
vt 0 0
vt 0 0
vt 0 0
vt 0 0
vt 0 0
vt 0 0
vt 0 0
vt 0 0
vt 0 0
vt 0 0
vt 0 0
vt 0 0
vt 0 0
vt 0 0
vt 0 0
vt 0 0
vt 0 0
vt 0 0
vt 0 0
vt 0 0
vt 0 0
vt 0 0
vt 0 0
vt 0 0
vt 0 0
vt 0 0
vt 0 0
vt 0 0
vt 0 0
vt 0 0
vt 0 0
vt 0 0
vt 0 0
vt 0 0
vt 0 0
vt 0 0
vt 0 0
vt 0 0
vt 0 0
vt 0 0
vt 0 0
vt 0 0
vt 0 0
vt 0 0
vt 0 0
vt 0 0
vt 0 0
vt 0 0
vt 0 0
vt 0 0
vt 0 0
vt 0 0
vt 0 0
vt 0 0
vt 0 0
vt 0 0
vt 0 0
vt 0 0
vt 0 0
vt 0 0
vt 0 0
vt 0 0
vt 0 0
vt 0 0
vt 0 0
vt 0 0
vt 0 0
vt 0 0
vt 0 0
vt 0 0
vt 0 0
vt 0 0
vt 0 0
vt 0 0
vt 0 0
vt 0 0
vt 0 0
vt 0 0
vt 0 0
vt 0 0
vt 0 0
vt 0 0
vt 0 0
vt 0 0
vt 0 0
vt 0 0
vt 0 0
vt 0 0
vt 0 0
vt 0 0
vt 0 0
vt 0 0
vt 0 0
vt 0 0
vt 0 0
vt 0 0
vt 0 0
vt 0 0
vt 0 0
vt 0 0
vt 0 0
vt 0 0
vt 0 0
vt 0 0
vt 0 0
vt 0 0
vt 0 0
vt 0 0
vt 0 0
vt 0 0
vt 0 0
vt 0 0
vt 0 0
vt 0 0
vt 0 0
vt 0 0
vt 0 0
vt 0 0
vt 0 0
vt 0 0
vt 0 0
vt 0 0
vt 0 0
vt 0 0
vt 0 0
vt 0 0
vt 0 0
vt 0 0
vt 0 0
vt 0 0
vt 0 0
vt 0 0
vt 0 0
vt 0 0
vt 0 0
vt 0 0
vt 0 0
vt 0 0
vt 0 0
vt 0 0
vt 0 0
vt 0 0
vt 0 0
vt 0 0
vt 0 0
vt 0 0
vt 0 0
vt 0 0
vt 0 0
vt 0 0
vt 0 0
vt 0 0
vt 0 0
vt 0 0
vt 0 0
vt 0 0
vt 0 0
vt 0 0
vt 0 0
vt 0 0
vt 0 0
vt 0 0
vt 0 0
vt 0 0
vt 0 0
vt 0 0
vt 0 0
vt 0 0
vt 0 0
vn -0.9048861078896304 0.35689935957143004 0.23195684703379482
vn 0.804158985801459 0.39346094459926084 0.44555225353467376
vn 0.04755869062066868 -0.6217354063829219 -0.7817821022486448
vn 0.3224230097905757 -0.09573601724178038 0.9417420123156172
vn -0.9856222506890774 0.16693557717074342 0.026101571241369588
vn 0.4436954539970054 -0.1465030947515574 -0.8841217039133286
vn -0.8587463510039932 -0.017614185386326954 -0.5120980815337064
vn 0.7190252699521074 0.33060780570806364 -0.6113110010258268
vn 0.02639262350163366 -0.38242198678764877 0.9236107694511191
vn -0.4728911161824 0.4526729907744595 0.7559504981538604
vn 0.933764278220538 0.34065899477161976 -0.10970743821850647
vn -0.6397005738802778 0.2478284145909955 0.7275742248723197
vn 0.9820861216169491 0.18266233433884288 -0.046274413462130494
vn -0.6100295187874545 -0.08300272758565874 0.7880193737601174
vn 0.9719674474585072 0.2287876186204096 -0.054180316047400603
vn -0.5841579982069596 -0.17385105139362297 0.7928021474871076
vn 0.9818366534761414 0.17364963918926862 -0.07643682816684816
vn -0.4956754478802783 0.011423373198820674 0.8684327014302526
vn 0.9130921351084527 0.384897394998891 -0.1345984699993095
vn -0.46575094788311905 0.12312974336496957 0.8763076633493813
vn 0.9392725254920737 -0.3344748065901895 0.07677061034143885
vn -0.15852861456109807 -0.5654007761159652 0.8094384724812647
vn 0.933250124418601 0.107934252497017 -0.34262866548287474
vn -0.29599848454961236 -0.7326342047612052 -0.6128882599285529
vn -0.1680387516417186 -0.4460464915990352 -0.8790935702636465
vn -0.2504411059309618 -0.09124982245095262 -0.963821934987343
vn -0.510846203004194 0.013310557972405303 -0.8595690698964573
vn -0.6293655524132195 -0.46340242566414064 -0.6238246495003172
vn -0.504105643258131 0.22621484283057497 -0.8334892592699946
vn -0.5545700570526653 0.5329475056952422 -0.6390766839697906
vn -0.7728773532333773 -0.3473587452102568 0.5310390748192881
vn 0.8606774681872965 0.3788813148582155 0.3401223970955384
vn -0.12399056598949745 0.2533070553270653 -0.9594070435780295
vn 0.7940649727704091 0.09711656984334323 0.6000243252410625
vn -0.7231934705931381 -0.31428743929141195 0.6149915524583235
vn 0.09569575010710613 0.017594358164119996 -0.9952551240622832
vn -0.986705045026272 -0.15453801689737806 -0.050310589870607964
vn 0.26560060133639585 0.7476538098777396 -0.6086625511275073
vn 0.43861275675758293 -0.6738606151545263 0.5945844943765998
vn -0.240572649567093 -0.5381992962665949 0.8077538720293519
vn 0.6988946520738345 0.7146485761792979 -0.028699788631561057
vn -0.1377697757726995 -0.5472538663547918 0.8255499346758329
vn 0.7977446285942169 0.5982495269204433 -0.07550504015322913
vn 0.059166263294306215 -0.8236121001243352 0.5640589169728379
vn 0.7576698191017608 0.6471353447932487 -0.08457121698088664
vn 0.09804974895237875 -0.8766887311924836 0.47095978101159436
vn 0.8302566688427606 0.5525539947711748 -0.07319799658828777
vn 0.17572023988719176 -0.7302702311752218 0.660172543168281
vn 0.6554381160111632 0.7537405037480857 -0.04770879467476869
vn -0.008163898065578903 -0.463197206863153 0.8862176359803207
vn 0.8847475658708472 0.1785901159805562 -0.4304965913449979
vn 0.28132539364671777 -0.8305754565291491 0.48062504502045583
vn 0.762621674695115 0.34454848776320407 -0.5474436234584409
vn -0.5011500055297334 -0.2418009410103114 -0.8308916757821542
vn -0.6561578190400352 -0.030635209178656694 -0.7540015918227257
vn -0.750890003070696 0.36306473157932617 -0.5516776268544176
vn -0.8944439489999 0.2719565810883577 -0.3549783656790875
vn -0.7919931136429177 0.014373703382419079 -0.6103607987029235
vn -0.8847215728726481 0.25520746470490335 -0.3900472900208938
vn -0.801059139997051 0.5931254377041569 -0.08066268886813306
vn -0.9408688336570077 -0.3217314275123746 -0.10608829531928331
vn 0.31110693503114234 0.926133884936363 0.21328033699384563
vn 0.7201708965048278 -0.5913049757508054 -0.3629218999726693
vn -0.14586896359080725 0.9002010850565125 0.4103172576482997
vn -0.8984216214066651 -0.404821563033128 -0.17017077390796062
vn 0.8553120432196476 -0.517447030182562 -0.026265560696061768
vn -0.5136935671821355 -0.7711574434346764 -0.3760786041122077
vn 0.7945134130527813 0.19093640209245075 -0.5764475057064699
vn -0.34610824693018927 0.3399496375051248 0.8744388631385531
vn -0.9085329712150312 0.1761267710266649 0.3788762340697921
vn 0.5167966120754147 0.8411805345657744 -0.15917465255187893
vn -0.8866669841773965 0.011032696695451764 0.4622769070301771
vn 0.6082373365494644 0.7923637665330835 0.046978760229690386
vn -0.7561585436775307 -0.2460727641064291 0.6063600016397006
vn 0.6322885815583295 0.7724423626116271 -0.059531051342334336
vn -0.6195314067254634 -0.14162218998300588 0.7720906626719338
vn 0.7402767311551663 0.667874456149121 -0.07703292889237304
vn -0.6590415674660128 -0.013540995649912024 0.7519846100744016
vn 0.5904254379612416 0.7580962727947959 -0.2769257001127095
vn -0.8403875993440538 0.2083605902342686 0.5003344354588893
vn 0.826276489889809 0.47057289266490304 0.3095614881479321
vn -0.3674445518625125 0.0934828713761124 0.9253353197980905
vn 0.9675112887583149 0.2323413724972277 -0.09969650320512216
vn 0.3662424290046426 -0.9164395596839872 -0.16126071016524487
vn 0.5058545429983786 -0.5878100008255385 -0.6313403078034714
vn 0.2741060338442692 -0.4489691152889259 -0.8504661167423683
vn -0.20754424457650614 -0.690887021836179 -0.6925319556536742
vn -0.019512924548600367 -0.9080303135392813 -0.41844975262188294
vn -0.03366426038363692 -0.6090989532333492 -0.7923794436650039
vn -0.3418143138293568 -0.31118338262407386 -0.8867513051808864
vn -0.3837979984725268 -0.6256008446024027 -0.6792073907145316
vn -0.3004853138231794 0.9531438089554654 0.0350065083442045
vn 0.866595101966038 -0.2862176678819197 0.40876934307835183
vn -0.5417745478499807 0.8387760876346757 0.05417577054565857
vn -0.5188536309000578 -0.4463883093199976 -0.7290599337532275
vn 0.6547187017493358 -0.3927492349851508 0.6458261840450904
vn 0.31757827294424584 -0.8120802678175033 -0.48956070019477876
vn 0.865683505750276 0.4145858185565609 0.28055421387621077
vn -0.9812182664254018 0.1680732131007336 0.09466841432666305
vn -0.8661753156844725 -0.00947539560073126 -0.49965041716895836
vn 0.34055020501769373 0.9247488051489803 0.169897631643116
vn -0.8348781865705767 0.33414029392190303 -0.4374113368059973
vn 0.7316725237423309 0.4793536043040688 0.48463949492506925
vn -0.9184842094347635 -0.36611618856090405 -0.1494847600681553
vn 0.16035797022947043 0.9195223755551996 0.35883690200034785
vn -0.863605191566105 -0.4949963425211471 -0.09573240825738233
vn 0.13565203703305956 0.9393756783790387 0.31491563905068626
vn -0.9907744970016779 -0.13513739031445077 0.010187336750695051
vn 0.5029286585659086 0.8520844742162015 0.1449648688227438
vn -0.9582045712462518 0.25767131819476724 -0.12429598313122428
vn 0.3700753580683525 0.6005860904482615 0.7087598869226822
vn -0.965414210810078 -0.10992719062001323 0.23641365089255223
vn 0.46657416815024527 0.5764329824570026 0.6708454086826797
vn 0.5118791061564931 -0.7743491951930767 0.37197191370352695
vn 0.3207237798645682 -0.9161865842792165 0.24028815995834246
vn 0.9927190472963525 0.036978000975997474 -0.11463647141656653
vn 0.877102040316322 -0.3196395349945727 -0.3585004582164416
vn 0.42386167533486274 -0.8960511189300929 -0.13203663297150586
vn 0.5053421800160008 -0.7536138971129802 -0.4203514900352586
vn 0.7261548163059652 -0.18773175917302556 -0.6614045428884286
vn -0.7386582321129116 -0.6737808911051612 -0.0200830006065556
vn -0.1384803429201405 0.9898766440029112 0.031103444861525414
vn 0.8866413707173931 -0.3691473748252766 -0.2785629110129142
vn -0.08065071491616332 0.9387954485981674 0.3349008328966609
vn -0.7895659480976129 -0.6136233943572709 -0.0072071840672033255
vn 0.9671636281657485 -0.25262809889968946 0.027812946618338916
vn -0.21522355507441301 -0.9399064119597034 -0.2650561414081315
vn 0.7189848755398077 0.5231678466593027 -0.45755453551120606
vn -0.5542257092178144 0.16935329975521865 0.8149560252578231
vn -0.8219142068338292 -0.33862203502076926 0.45803073478000406
vn -0.1539850970921076 0.910916611556576 -0.3827786784341841
vn -0.7545693199301469 -0.41503728790942274 0.5083002961487889
vn 0.08949331623722585 0.9354643872463582 -0.3419025102900819
vn -0.6135171327820951 -0.33736129840247375 0.7139916540990056
vn 0.19992845619592917 0.9488007488256999 -0.24455214460499775
vn -0.5199587614094309 -0.28032279986654046 0.8068841393338662
vn 0.22618456455896344 0.9599610099682765 -0.1652737187091726
vn -0.6609545806096875 -0.09801392862124356 0.7439975216136824
vn 0.1952333807401774 0.8998033229308972 -0.3901767638997441
vn -0.8671669586181568 -0.08057208101800752 0.4914566162352113
vn 0.45478034258260985 0.846319637392588 0.2773407856124351
vn -0.5620709183379157 -0.16078661795569055 0.8113100185780668
vn 0.634550307900801 0.7714729774622 -0.046640666682700026
vn 0.8671042959549984 -0.4821652068219302 -0.1250873825241859
vn 0.81279389940035 -0.47926087314564814 -0.33117230042569235
vn 0.45901013376375455 -0.6932637086636225 -0.5556033903353544
vn 0.27713005511947447 -0.735507970341539 -0.6182450631533959
vn 0.4556936023498581 -0.8572718681935318 -0.23964199294234947
vn 0.3655171922554863 -0.6154185871207846 -0.698324526844019
vn 0.08693715695017816 -0.38903709038094464 -0.9171107201692438
vn -0.24066925229513322 -0.0745411430546939 0.9677406310534868
vn -0.6186115170536494 -0.23172135848444464 -0.7507496273663452
vn 0.9899520671689158 -0.1192830245354613 -0.0759372422837627
vn -0.9659200929670242 -0.08175732817857666 -0.2455893183582623
vn 0.03951426035438104 0.059638883578853344 0.9974376305284026
vn 0.8139151029785026 0.24310137235156973 -0.5276778637618571
vn 0.8873977613095934 -0.03714618671642464 0.4595055756301011
vn 0.4276229214530383 -0.7100590995184956 -0.5594235535253694
vn -0.8985064786305855 0.43514224522754097 0.057769665718266874
vn -0.8813946579981499 0.1712371112627868 0.44025141519216093
vn -0.117484865527642 -0.5014548917726446 -0.8571699352457699
vn -0.9025371181440714 0.21426380481593346 0.3735207789641617
vn 0.2270717237048931 -0.2998754939850851 -0.9265598309882044
vn -0.6528093179214673 0.5684498556814304 0.5007042600284817
vn -0.00822548720614876 -0.28597060469125174 -0.9582030863093383
vn -0.6320637370711258 0.7665852204410991 0.11332489612152384
vn 0.29325911701556606 -0.3151841389008616 -0.902584095180373
vn -0.7239339036754966 0.6896561683368834 0.017148544662599477
vn 0.2448184816491565 -0.5504075049701644 -0.798195145008738
vn -0.9008820353464835 0.39637987011394776 0.17690267651572408
vn 0.32014468195728724 0.04272924892221252 -0.946404561432906
vn -0.47322658078051294 0.7812085140313805 -0.407148450626632
vn 0.8263344064674787 -0.2575135442104075 -0.5008574879506485
vn 0.8833220872627111 0.27125255043762325 0.3823141954399968
vn 0.8078507076867629 0.17599691365910827 0.5624965070757906
vn 0.6572093843612057 -0.4578720342076286 0.5986894231553896
vn 0.4102161097257233 -0.2836680837065934 0.8667497687381994
vn 0.49280552729860116 0.16277517840298894 0.8547788916204137
vn 0.5100664659817539 -0.4052415552142125 0.7586906366948591
vn 0.05688494922568366 -0.6071496510356427 0.7925486759807808
vn 0.3468546885434801 -0.3685599082622384 -0.8624705322833561
vn 0.5744821481102365 0.08890773380194361 0.8136741831795153
vn -0.9876731014842963 -0.04647980095001779 0.14947064162583124
vn 0.6337210089470686 0.30150289559598187 0.712385911403607
vn 0.6687913845214472 -0.34047420415337487 -0.6609049858308016
vn -0.9632607074401307 0.25632237278596637 0.08017263068723059
vn -0.14405940465189643 -0.35860483286413053 -0.9223065985765417
vn -0.6489423368259514 -0.2613038132163901 0.7145587174427636
vn 0.7866453484046428 0.5792141045854379 -0.21377585664108048
vn 0.7654597004048636 0.06726526662686179 -0.639958460340758
vn 0.11125346019146486 -0.15771057705297534 0.9811982681808217
vn 0.6175874219428398 0.1198941561140012 -0.7773102132274529
vn 0.22220938520644337 -0.026074665605297156 0.9746502454417926
vn 0.631141249505082 0.5525057533043388 -0.5444245730482495
vn 0.015809907459033587 -0.07468312134132787 0.9970819816910008
vn 0.5498211747052153 0.8050831304602937 -0.22257095249387518
vn -0.2707912752537228 -0.09766052914093898 0.957671397867961
vn 0.5336250546419946 0.35354889707730147 -0.7682756526363127
vn 0.30715326150250905 -0.149702146098648 0.9398117584930666
vn 0.8497285749096865 0.2793682533094377 -0.4471182483692506
vn -0.1874603058493333 0.36581878894238773 0.9116113466755442
vn 0.6057378877726566 0.7317203914105053 -0.3125170077144238
vn -0.612184397190796 -0.0036277826362325315 0.7907067111320644
vn -0.9356934153102823 0.10613635103650071 -0.33647125810927153
vn -0.9186016824492121 -0.24073757286459807 -0.3133949106363076
vn -0.7103290772059266 -0.4482440113424361 -0.5426876711068888
vn -0.3390565727052272 -0.41809398243827395 -0.8427562294959849
vn -0.8496561227464683 -0.3467431470385738 -0.39730802038371243
vn -0.6528526965978872 -0.6435488185245946 -0.399535073204425
vn -0.2725337278252533 -0.8983774951581043 -0.34444628520441517
vn 0.6066382231530135 0.7702316742404727 0.19680760708487058
vn -0.6992963741276882 0.035640106987682704 -0.7139428295779533
vn -0.048973743994077355 -0.7252625746351256 0.6867283088913924
vn -0.5032381048511503 0.014621319908616124 -0.8640240892648494
vn 0.5294942375991273 0.840906168500522 0.11186003811500561
vn -0.011933948910581438 -0.9140705206907407 0.4053796542348396
vn 0.6488175011229662 0.4359254780717263 0.6237025154707063
vn -0.7693979207677326 -0.5624839270059295 0.3027187991821421
vn 0.4274221144059698 0.25082922347652437 -0.868559172864402
vn 0.4694136369311962 0.7571930257381297 -0.4542131209427608
vn -0.9381163829250189 -0.14530280292582406 -0.3143640366670124
vn 0.768088395902545 0.5921389773437851 -0.24374504628835358
vn -0.8611769651600332 -0.1944571262371903 -0.4696388620347855
vn 0.8453928108466758 0.3841718367482228 -0.371110489232322
vn -0.8528806746644406 -0.2317316971038836 -0.4678621328353928
vn 0.7169072488763083 0.19330449812730302 -0.6698338357476087
vn -0.8775005011385676 -0.3616924229034924 -0.31491500713012094
vn 0.49931835661233104 0.33258014496266347 -0.8000447649516711
vn -0.9556948583577866 -0.2018077283137451 -0.21429180689269442
vn 0.38780286755791576 0.6234067734575803 -0.678949873496613
vn -0.55128330730504 -0.7197950412060812 -0.4218789088612428
vn 0.670902766972845 0.2522806363572586 -0.6973119515592408
vn -0.6988879448523276 -0.7149381067818222 -0.020473006894784828
vn 0.36836335631783323 -0.6282090339550237 0.6853187925188956
vn -0.14883644706895083 -0.4406828907005607 0.8852379916540463
vn 0.0038239393421183594 -0.060965128750116164 0.9981325716378509
vn 0.2760910970288267 0.13374587223901208 0.951780304377247
vn 0.4979342553895493 -0.1725048040161301 0.8498844450282708
vn -0.0006073293950811546 -0.09229514653473248 0.9957315085288493
vn -0.22464176441688818 0.35313939117850723 0.9082007752021247
f 241/241/241 242/242/242 243/243/243
f 244/244/244 245/245/245 246/246/246
f 247/247/247 248/248/248 246/246/246
f 247/247/247 246/246/246 245/245/245
f 249/249/249 247/247/247 245/245/245
f 249/249/249 245/245/245 244/244/244
f 248/248/248 249/249/249 244/244/244
f 248/248/248 244/244/244 246/246/246
f 242/242/242 241/241/241 250/250/250
f 242/242/242 250/250/250 251/251/251
f 251/251/251 250/250/250 252/252/252
f 251/251/251 252/252/252 253/253/253
f 253/253/253 252/252/252 254/254/254
f 253/253/253 254/254/254 255/255/255
f 255/255/255 254/254/254 256/256/256
f 255/255/255 256/256/256 257/257/257
f 257/257/257 256/256/256 258/258/258
f 257/257/257 258/258/258 259/259/259
f 259/259/259 258/258/258 260/260/260
f 259/259/259 260/260/260 261/261/261
f 261/261/261 260/260/260 262/262/262
f 261/261/261 262/262/262 263/263/263
f 263/263/263 262/262/262 249/249/249
f 263/263/263 249/249/249 248/248/248
f 241/241/241 243/243/243 264/264/264
f 241/241/241 264/264/264 250/250/250
f 250/250/250 264/264/264 265/265/265
f 250/250/250 265/265/265 252/252/252
f 252/252/252 265/265/265 266/266/266
f 252/252/252 266/266/266 254/254/254
f 254/254/254 266/266/266 267/267/267
f 254/254/254 267/267/267 256/256/256
f 256/256/256 267/267/267 268/268/268
f 256/256/256 268/268/268 258/258/258
f 258/258/258 268/268/268 269/269/269
f 258/258/258 269/269/269 260/260/260
f 260/260/260 269/269/269 270/270/270
f 260/260/260 270/270/270 262/262/262
f 262/262/262 270/270/270 247/247/247
f 262/262/262 247/247/247 249/249/249
f 243/243/243 242/242/242 251/251/251
f 243/243/243 251/251/251 264/264/264
f 264/264/264 251/251/251 253/253/253
f 264/264/264 253/253/253 265/265/265
f 265/265/265 253/253/253 255/255/255
f 265/265/265 255/255/255 266/266/266
f 266/266/266 255/255/255 257/257/257
f 266/266/266 257/257/257 267/267/267
f 267/267/267 257/257/257 259/259/259
f 267/267/267 259/259/259 268/268/268
f 268/268/268 259/259/259 261/261/261
f 268/268/268 261/261/261 269/269/269
f 269/269/269 261/261/261 263/263/263
f 269/269/269 263/263/263 270/270/270
f 270/270/270 263/263/263 248/248/248
f 270/270/270 248/248/248 247/247/247
f 271/271/271 272/272/272 273/273/273
f 274/274/274 275/275/275 276/276/276
f 277/277/277 278/278/278 276/276/276
f 277/277/277 276/276/276 275/275/275
f 279/279/279 277/277/277 275/275/275
f 279/279/279 275/275/275 274/274/274
f 278/278/278 279/279/279 274/274/274
f 278/278/278 274/274/274 276/276/276
f 272/272/272 271/271/271 280/280/280
f 272/272/272 280/280/280 281/281/281
f 281/281/281 280/280/280 282/282/282
f 281/281/281 282/282/282 283/283/283
f 283/283/283 282/282/282 284/284/284
f 283/283/283 284/284/284 285/285/285
f 285/285/285 284/284/284 286/286/286
f 285/285/285 286/286/286 287/287/287
f 287/287/287 286/286/286 288/288/288
f 287/287/287 288/288/288 289/289/289
f 289/289/289 288/288/288 290/290/290
f 289/289/289 290/290/290 291/291/291
f 291/291/291 290/290/290 292/292/292
f 291/291/291 292/292/292 293/293/293
f 293/293/293 292/292/292 279/279/279
f 293/293/293 279/279/279 278/278/278
f 271/271/271 273/273/273 294/294/294
f 271/271/271 294/294/294 280/280/280
f 280/280/280 294/294/294 295/295/295
f 280/280/280 295/295/295 282/282/282
f 282/282/282 295/295/295 296/296/296
f 282/282/282 296/296/296 284/284/284
f 284/284/284 296/296/296 297/297/297
f 284/284/284 297/297/297 286/286/286
f 286/286/286 297/297/297 298/298/298
f 286/286/286 298/298/298 288/288/288
f 288/288/288 298/298/298 299/299/299
f 288/288/288 299/299/299 290/290/290
f 290/290/290 299/299/299 300/300/300
f 290/290/290 300/300/300 292/292/292
f 292/292/292 300/300/300 277/277/277
f 292/292/292 277/277/277 279/279/279
f 273/273/273 272/272/272 281/281/281
f 273/273/273 281/281/281 294/294/294
f 294/294/294 281/281/281 283/283/283
f 294/294/294 283/283/283 295/295/295
f 295/295/295 283/283/283 285/285/285
f 295/295/295 285/285/285 296/296/296
f 296/296/296 285/285/285 287/287/287
f 296/296/296 287/287/287 297/297/297
f 297/297/297 287/287/287 289/289/289
f 297/297/297 289/289/289 298/298/298
f 298/298/298 289/289/289 291/291/291
f 298/298/298 291/291/291 299/299/299
f 299/299/299 291/291/291 293/293/293
f 299/299/299 293/293/293 300/300/300
f 300/300/300 293/293/293 278/278/278
f 300/300/300 278/278/278 277/277/277
f 301/301/301 302/302/302 303/303/303
f 304/304/304 305/305/305 306/306/306
f 307/307/307 308/308/308 306/306/306
f 307/307/307 306/306/306 305/305/305
f 309/309/309 307/307/307 305/305/305
f 309/309/309 305/305/305 304/304/304
f 308/308/308 309/309/309 304/304/304
f 308/308/308 304/304/304 306/306/306
f 302/302/302 301/301/301 310/310/310
f 302/302/302 310/310/310 311/311/311
f 311/311/311 310/310/310 312/312/312
f 311/311/311 312/312/312 313/313/313
f 313/313/313 312/312/312 314/314/314
f 313/313/313 314/314/314 315/315/315
f 315/315/315 314/314/314 316/316/316
f 315/315/315 316/316/316 317/317/317
f 317/317/317 316/316/316 318/318/318
f 317/317/317 318/318/318 319/319/319
f 319/319/319 318/318/318 320/320/320
f 319/319/319 320/320/320 321/321/321
f 321/321/321 320/320/320 322/322/322
f 321/321/321 322/322/322 323/323/323
f 323/323/323 322/322/322 309/309/309
f 323/323/323 309/309/309 308/308/308
f 301/301/301 303/303/303 324/324/324
f 301/301/301 324/324/324 310/310/310
f 310/310/310 324/324/324 325/325/325
f 310/310/310 325/325/325 312/312/312
f 312/312/312 325/325/325 326/326/326
f 312/312/312 326/326/326 314/314/314
f 314/314/314 326/326/326 327/327/327
f 314/314/314 327/327/327 316/316/316
f 316/316/316 327/327/327 328/328/328
f 316/316/316 328/328/328 318/318/318
f 318/318/318 328/328/328 329/329/329
f 318/318/318 329/329/329 320/320/320
f 320/320/320 329/329/329 330/330/330
f 320/320/320 330/330/330 322/322/322
f 322/322/322 330/330/330 307/307/307
f 322/322/322 307/307/307 309/309/309
f 303/303/303 302/302/302 311/311/311
f 303/303/303 311/311/311 324/324/324
f 324/324/324 311/311/311 313/313/313
f 324/324/324 313/313/313 325/325/325
f 325/325/325 313/313/313 315/315/315
f 325/325/325 315/315/315 326/326/326
f 326/326/326 315/315/315 317/317/317
f 326/326/326 317/317/317 327/327/327
f 327/327/327 317/317/317 319/319/319
f 327/327/327 319/319/319 328/328/328
f 328/328/328 319/319/319 321/321/321
f 328/328/328 321/321/321 329/329/329
f 329/329/329 321/321/321 323/323/323
f 329/329/329 323/323/323 330/330/330
f 330/330/330 323/323/323 308/308/308
f 330/330/330 308/308/308 307/307/307
f 331/331/331 332/332/332 333/333/333
f 334/334/334 335/335/335 336/336/336
f 337/337/337 338/338/338 336/336/336
f 337/337/337 336/336/336 335/335/335
f 339/339/339 337/337/337 335/335/335
f 339/339/339 335/335/335 334/334/334
f 338/338/338 339/339/339 334/334/334
f 338/338/338 334/334/334 336/336/336
f 332/332/332 331/331/331 340/340/340
f 332/332/332 340/340/340 341/341/341
f 341/341/341 340/340/340 342/342/342
f 341/341/341 342/342/342 343/343/343
f 343/343/343 342/342/342 344/344/344
f 343/343/343 344/344/344 345/345/345
f 345/345/345 344/344/344 346/346/346
f 345/345/345 346/346/346 347/347/347
f 347/347/347 346/346/346 348/348/348
f 347/347/347 348/348/348 349/349/349
f 349/349/349 348/348/348 350/350/350
f 349/349/349 350/350/350 351/351/351
f 351/351/351 350/350/350 352/352/352
f 351/351/351 352/352/352 353/353/353
f 353/353/353 352/352/352 339/339/339
f 353/353/353 339/339/339 338/338/338
f 331/331/331 333/333/333 354/354/354
f 331/331/331 354/354/354 340/340/340
f 340/340/340 354/354/354 355/355/355
f 340/340/340 355/355/355 342/342/342
f 342/342/342 355/355/355 356/356/356
f 342/342/342 356/356/356 344/344/344
f 344/344/344 356/356/356 357/357/357
f 344/344/344 357/357/357 346/346/346
f 346/346/346 357/357/357 358/358/358
f 346/346/346 358/358/358 348/348/348
f 348/348/348 358/358/358 359/359/359
f 348/348/348 359/359/359 350/350/350
f 350/350/350 359/359/359 360/360/360
f 350/350/350 360/360/360 352/352/352
f 352/352/352 360/360/360 337/337/337
f 352/352/352 337/337/337 339/339/339
f 333/333/333 332/332/332 341/341/341
f 333/333/333 341/341/341 354/354/354
f 354/354/354 341/341/341 343/343/343
f 354/354/354 343/343/343 355/355/355
f 355/355/355 343/343/343 345/345/345
f 355/355/355 345/345/345 356/356/356
f 356/356/356 345/345/345 347/347/347
f 356/356/356 347/347/347 357/357/357
f 357/357/357 347/347/347 349/349/349
f 357/357/357 349/349/349 358/358/358
f 358/358/358 349/349/349 351/351/351
f 358/358/358 351/351/351 359/359/359
f 359/359/359 351/351/351 353/353/353
f 359/359/359 353/353/353 360/360/360
f 360/360/360 353/353/353 338/338/338
f 360/360/360 338/338/338 337/337/337
f 361/361/361 362/362/362 363/363/363
f 364/364/364 365/365/365 366/366/366
f 367/367/367 368/368/368 366/366/366
f 367/367/367 366/366/366 365/365/365
f 369/369/369 367/367/367 365/365/365
f 369/369/369 365/365/365 364/364/364
f 368/368/368 369/369/369 364/364/364
f 368/368/368 364/364/364 366/366/366
f 362/362/362 361/361/361 370/370/370
f 362/362/362 370/370/370 371/371/371
f 371/371/371 370/370/370 372/372/372
f 371/371/371 372/372/372 373/373/373
f 373/373/373 372/372/372 374/374/374
f 373/373/373 374/374/374 375/375/375
f 375/375/375 374/374/374 376/376/376
f 375/375/375 376/376/376 377/377/377
f 377/377/377 376/376/376 378/378/378
f 377/377/377 378/378/378 379/379/379
f 379/379/379 378/378/378 380/380/380
f 379/379/379 380/380/380 381/381/381
f 381/381/381 380/380/380 382/382/382
f 381/381/381 382/382/382 383/383/383
f 383/383/383 382/382/382 369/369/369
f 383/383/383 369/369/369 368/368/368
f 361/361/361 363/363/363 384/384/384
f 361/361/361 384/384/384 370/370/370
f 370/370/370 384/384/384 385/385/385
f 370/370/370 385/385/385 372/372/372
f 372/372/372 385/385/385 386/386/386
f 372/372/372 386/386/386 374/374/374
f 374/374/374 386/386/386 387/387/387
f 374/374/374 387/387/387 376/376/376
f 376/376/376 387/387/387 388/388/388
f 376/376/376 388/388/388 378/378/378
f 378/378/378 388/388/388 389/389/389
f 378/378/378 389/389/389 380/380/380
f 380/380/380 389/389/389 390/390/390
f 380/380/380 390/390/390 382/382/382
f 382/382/382 390/390/390 367/367/367
f 382/382/382 367/367/367 369/369/369
f 363/363/363 362/362/362 371/371/371
f 363/363/363 371/371/371 384/384/384
f 384/384/384 371/371/371 373/373/373
f 384/384/384 373/373/373 385/385/385
f 385/385/385 373/373/373 375/375/375
f 385/385/385 375/375/375 386/386/386
f 386/386/386 375/375/375 377/377/377
f 386/386/386 377/377/377 387/387/387
f 387/387/387 377/377/377 379/379/379
f 387/387/387 379/379/379 388/388/388
f 388/388/388 379/379/379 381/381/381
f 388/388/388 381/381/381 389/389/389
f 389/389/389 381/381/381 383/383/383
f 389/389/389 383/383/383 390/390/390
f 390/390/390 383/383/383 368/368/368
f 390/390/390 368/368/368 367/367/367
f 391/391/391 392/392/392 393/393/393
f 394/394/394 395/395/395 396/396/396
f 397/397/397 398/398/398 396/396/396
f 397/397/397 396/396/396 395/395/395
f 399/399/399 397/397/397 395/395/395
f 399/399/399 395/395/395 394/394/394
f 398/398/398 399/399/399 394/394/394
f 398/398/398 394/394/394 396/396/396
f 392/392/392 391/391/391 400/400/400
f 392/392/392 400/400/400 401/401/401
f 401/401/401 400/400/400 402/402/402
f 401/401/401 402/402/402 403/403/403
f 403/403/403 402/402/402 404/404/404
f 403/403/403 404/404/404 405/405/405
f 405/405/405 404/404/404 406/406/406
f 405/405/405 406/406/406 407/407/407
f 407/407/407 406/406/406 408/408/408
f 407/407/407 408/408/408 409/409/409
f 409/409/409 408/408/408 410/410/410
f 409/409/409 410/410/410 411/411/411
f 411/411/411 410/410/410 412/412/412
f 411/411/411 412/412/412 413/413/413
f 413/413/413 412/412/412 399/399/399
f 413/413/413 399/399/399 398/398/398
f 391/391/391 393/393/393 414/414/414
f 391/391/391 414/414/414 400/400/400
f 400/400/400 414/414/414 415/415/415
f 400/400/400 415/415/415 402/402/402
f 402/402/402 415/415/415 416/416/416
f 402/402/402 416/416/416 404/404/404
f 404/404/404 416/416/416 417/417/417
f 404/404/404 417/417/417 406/406/406
f 406/406/406 417/417/417 418/418/418
f 406/406/406 418/418/418 408/408/408
f 408/408/408 418/418/418 419/419/419
f 408/408/408 419/419/419 410/410/410
f 410/410/410 419/419/419 420/420/420
f 410/410/410 420/420/420 412/412/412
f 412/412/412 420/420/420 397/397/397
f 412/412/412 397/397/397 399/399/399
f 393/393/393 392/392/392 401/401/401
f 393/393/393 401/401/401 414/414/414
f 414/414/414 401/401/401 403/403/403
f 414/414/414 403/403/403 415/415/415
f 415/415/415 403/403/403 405/405/405
f 415/415/415 405/405/405 416/416/416
f 416/416/416 405/405/405 407/407/407
f 416/416/416 407/407/407 417/417/417
f 417/417/417 407/407/407 409/409/409
f 417/417/417 409/409/409 418/418/418
f 418/418/418 409/409/409 411/411/411
f 418/418/418 411/411/411 419/419/419
f 419/419/419 411/411/411 413/413/413
f 419/419/419 413/413/413 420/420/420
f 420/420/420 413/413/413 398/398/398
f 420/420/420 398/398/398 397/397/397
f 421/421/421 422/422/422 423/423/423
f 424/424/424 425/425/425 426/426/426
f 427/427/427 428/428/428 426/426/426
f 427/427/427 426/426/426 425/425/425
f 429/429/429 427/427/427 425/425/425
f 429/429/429 425/425/425 424/424/424
f 428/428/428 429/429/429 424/424/424
f 428/428/428 424/424/424 426/426/426
f 422/422/422 421/421/421 430/430/430
f 422/422/422 430/430/430 431/431/431
f 431/431/431 430/430/430 432/432/432
f 431/431/431 432/432/432 433/433/433
f 433/433/433 432/432/432 434/434/434
f 433/433/433 434/434/434 435/435/435
f 435/435/435 434/434/434 436/436/436
f 435/435/435 436/436/436 437/437/437
f 437/437/437 436/436/436 438/438/438
f 437/437/437 438/438/438 439/439/439
f 439/439/439 438/438/438 440/440/440
f 439/439/439 440/440/440 441/441/441
f 441/441/441 440/440/440 442/442/442
f 441/441/441 442/442/442 443/443/443
f 443/443/443 442/442/442 429/429/429
f 443/443/443 429/429/429 428/428/428
f 421/421/421 423/423/423 444/444/444
f 421/421/421 444/444/444 430/430/430
f 430/430/430 444/444/444 445/445/445
f 430/430/430 445/445/445 432/432/432
f 432/432/432 445/445/445 446/446/446
f 432/432/432 446/446/446 434/434/434
f 434/434/434 446/446/446 447/447/447
f 434/434/434 447/447/447 436/436/436
f 436/436/436 447/447/447 448/448/448
f 436/436/436 448/448/448 438/438/438
f 438/438/438 448/448/448 449/449/449
f 438/438/438 449/449/449 440/440/440
f 440/440/440 449/449/449 450/450/450
f 440/440/440 450/450/450 442/442/442
f 442/442/442 450/450/450 427/427/427
f 442/442/442 427/427/427 429/429/429
f 423/423/423 422/422/422 431/431/431
f 423/423/423 431/431/431 444/444/444
f 444/444/444 431/431/431 433/433/433
f 444/444/444 433/433/433 445/445/445
f 445/445/445 433/433/433 435/435/435
f 445/445/445 435/435/435 446/446/446
f 446/446/446 435/435/435 437/437/437
f 446/446/446 437/437/437 447/447/447
f 447/447/447 437/437/437 439/439/439
f 447/447/447 439/439/439 448/448/448
f 448/448/448 439/439/439 441/441/441
f 448/448/448 441/441/441 449/449/449
f 449/449/449 441/441/441 443/443/443
f 449/449/449 443/443/443 450/450/450
f 450/450/450 443/443/443 428/428/428
f 450/450/450 428/428/428 427/427/427
f 451/451/451 452/452/452 453/453/453
f 454/454/454 455/455/455 456/456/456
f 457/457/457 458/458/458 456/456/456
f 457/457/457 456/456/456 455/455/455
f 459/459/459 457/457/457 455/455/455
f 459/459/459 455/455/455 454/454/454
f 458/458/458 459/459/459 454/454/454
f 458/458/458 454/454/454 456/456/456
f 452/452/452 451/451/451 460/460/460
f 452/452/452 460/460/460 461/461/461
f 461/461/461 460/460/460 462/462/462
f 461/461/461 462/462/462 463/463/463
f 463/463/463 462/462/462 464/464/464
f 463/463/463 464/464/464 465/465/465
f 465/465/465 464/464/464 466/466/466
f 465/465/465 466/466/466 467/467/467
f 467/467/467 466/466/466 468/468/468
f 467/467/467 468/468/468 469/469/469
f 469/469/469 468/468/468 470/470/470
f 469/469/469 470/470/470 471/471/471
f 471/471/471 470/470/470 472/472/472
f 471/471/471 472/472/472 473/473/473
f 473/473/473 472/472/472 459/459/459
f 473/473/473 459/459/459 458/458/458
f 451/451/451 453/453/453 474/474/474
f 451/451/451 474/474/474 460/460/460
f 460/460/460 474/474/474 475/475/475
f 460/460/460 475/475/475 462/462/462
f 462/462/462 475/475/475 476/476/476
f 462/462/462 476/476/476 464/464/464
f 464/464/464 476/476/476 477/477/477
f 464/464/464 477/477/477 466/466/466
f 466/466/466 477/477/477 478/478/478
f 466/466/466 478/478/478 468/468/468
f 468/468/468 478/478/478 479/479/479
f 468/468/468 479/479/479 470/470/470
f 470/470/470 479/479/479 480/480/480
f 470/470/470 480/480/480 472/472/472
f 472/472/472 480/480/480 457/457/457
f 472/472/472 457/457/457 459/459/459
f 453/453/453 452/452/452 461/461/461
f 453/453/453 461/461/461 474/474/474
f 474/474/474 461/461/461 463/463/463
f 474/474/474 463/463/463 475/475/475
f 475/475/475 463/463/463 465/465/465
f 475/475/475 465/465/465 476/476/476
f 476/476/476 465/465/465 467/467/467
f 476/476/476 467/467/467 477/477/477
f 477/477/477 467/467/467 469/469/469
f 477/477/477 469/469/469 478/478/478
f 478/478/478 469/469/469 471/471/471
f 478/478/478 471/471/471 479/479/479
f 479/479/479 471/471/471 473/473/473
f 479/479/479 473/473/473 480/480/480
f 480/480/480 473/473/473 458/458/458
f 480/480/480 458/458/458 457/457/457
f 249/249/249 247/247/247 248/248/248
o th_bolt002
usemtl th_bolt
v -3.710441825518423 3.3558591095436263 -0.1379428219242513
v -3.6887040307167 3.3574163248838467 -0.10594684770087068
v -3.6871969301088727 3.3221656279431784 -0.14252685801185053
v -4.0048411372969355 0.010183970659087486 0.01901259065961157
v -3.9907557558240767 0.005263956941466478 0.028527498384373254
v -4.005781566920893 0.005909935281145709 0.032548333674514464
v -4.106896951781975 0.36739123767512105 0.07843054078595789
v -4.1455650980697465 0.35422590252717295 0.0707843342714056
v -4.129631906264866 0.3663934017745039 0.056423053822611265
v -3.9470914635180403 3.034919976915976 -0.03965746695543755
v -3.9200484919583887 3.0301686183008116 -0.008063164631260722
v -4.201421378041204 2.821193553388503 0.26796214263683926
v -4.18177081653527 2.822966687212561 0.29032699836373616
v -4.177586168233488 2.406371398484231 0.4269975912194152
v -4.1493919245365625 2.4083508825749322 0.4534033547613443
v -4.060995929120637 1.9592669250582126 0.4348608764822119
v -4.0276929009429505 1.961149825338282 0.44413280422377777
v -3.7389101448538637 1.5918090599021237 0.41572811635907436
v -3.703574510994778 1.5904215209113113 0.39267882464978354
v -3.4529432586699342 1.308411141681678 0.2908611499653616
v -3.4329666871403037 1.2975517968124253 0.24252073910530336
v -3.9186190160593597 0.823776951074662 -0.26883654074328145
v -3.9434270104075533 0.823553608346819 -0.2751282667631964
v -3.92283741524726 3.0126044325287378 -0.03491606304029353
v -4.179458558505948 2.7998567651105684 0.2641688102972728
v -4.137273183822208 2.3861860264406243 0.4068925492251936
v -4.011166491335262 1.944050498724959 0.4092367404094538
v -3.7109122604836093 1.5782550211461566 0.3641265250595798
v -3.4516072929112394 1.295555805385888 0.22383849870216477
v -3.9507770491166614 0.8327488438841031 -0.24357650671135855
v -4.021784633709218 1.9406985831916452 0.4342449054169677
v -4.0166132432374715 1.9549538630997767 0.43817118233067165
v -4.010519882209962 1.9484220742555989 0.41665293626961364
v -4.350385439745548 0.9359801757143282 -0.4888842698032424
v -4.358164994909264 0.9408209682116199 -0.48718526290872266
v -4.349457558086375 0.9421330379924138 -0.4970229708084228
v -4.1425663107492445 1.0932412120544652 -0.5717233533562168
v -4.1111542413271085 1.0971373343057764 -0.6003160519416129
v -4.122759870776094 1.0832230244120922 -0.5780345618127538
v -3.866021235227277 1.7733504496402184 0.42614727121813334
v -3.8575083744422183 1.796685760270533 0.432619358227796
v -3.6812010838993308 1.6521088013366365 0.4561510917311816
v -3.679042010566248 1.6712758643939978 0.46694004001498224
v -3.54458106214269 1.5988142228519233 0.3255416542638293
v -3.5373292702623194 1.6287213564040395 0.34029544319247496
v -3.489462370856429 1.5108538586306282 0.0884615284749776
v -3.4805270163098636 1.5322800816894375 0.09214264948189041
v -3.4674523942723945 1.4352031465621355 -0.08997974590170538
v -3.453228869387996 1.4581389599517016 -0.08382974199542309
v -3.4586354676880378 1.3555586940873725 -0.2477334414670207
v -3.444808939238575 1.368189006354202 -0.2498539384195787
v -3.803737375448838 1.1939255117736371 -0.5010578254036797
v -3.7918557757891227 1.2103808636935474 -0.5160255362433099
v -3.8582222039394494 1.7878759027144908 0.40937159077388197
v -3.6805751770771744 1.6640604443378164 0.4416338212939066
v -3.55203884663499 1.6219755804090734 0.30706406951403126
v -3.4978088198335895 1.53534411355104 0.07590826701065462
v -3.471502497330786 1.457195476313766 -0.09695274160468875
v -3.4708149634000254 1.3660506541540591 -0.2594131004795086
v -3.8224841257909987 1.2071471498063016 -0.5032806099616662
v -3.4675349907336264 1.3114057172730549 0.2686308567894304
v -3.464728445276403 1.3227638415524738 0.27887776803289993
v -3.4542404238832694 1.3005601124678388 0.24524715744663164
v -2.883373548884137 0.6608592148210777 0.3781426307089153
v -2.881352383475357 0.6562771933235902 0.3675525538591833
v -2.8820129384408406 0.6594355178253832 0.37615790827706663
v -2.9015590977141144 0.6939539551374857 0.19178764640385165
v -2.9005337575174575 0.7031981106911518 0.23127543087156233
v -2.9044129330529116 0.7044804746624351 0.23089672817135204
v -3.418030515598157 1.2556358137598906 0.32539126454583944
v -3.4113922305900233 1.2807582208788166 0.3229353544848076
v -3.4442214050336153 1.3013529497427558 0.5406881095069219
v -3.4457554455018173 1.3032790145132704 0.5436776280946991
v -3.3663772751940053 1.2408093743154063 0.5686320239351719
v -3.3640097765791066 1.2563853003454057 0.578005185326143
v -3.246579173381131 1.1399126503673525 0.49790317544707263
v -3.2376811255014775 1.1546758933757393 0.4992008686719909
v -3.1813693097025344 1.0866425660546002 0.5162341284401335
v -3.175236698422756 1.0929965992409025 0.5135764641689692
v -3.17060913469069 1.0580513660245958 0.6253410564991561
v -3.1516997946374503 1.0540859677194547 0.6277829718675535
v -3.0113301580106104 0.878939892349511 0.41560830314955083
v -3.0056740758545124 0.8796029460236579 0.41414817261148
v -3.40423644956693 1.2566118352032019 0.3113149550232792
v -3.437280582421997 1.296231527004921 0.5317618291823529
v -3.3473873722608207 1.2404267379345775 0.5424784781095067
v -3.2289932596966504 1.139154430659678 0.4611778405870349
v -3.163747175978339 1.0780789453610922 0.48503717990985873
v -3.1476873681391684 1.0500928694820524 0.5892813861660519
v -3.0038331958374034 0.874316387857173 0.38241995750799607
v -4.0769103547215035 2.1665158968798113 0.42124655691481216
v -4.08229830110217 2.18419031248199 0.43005872081286955
v -4.077182063975303 2.15537643899668 0.43458731267736095
v -4.545578670201556 1.6777989576640544 0.8228532271250057
v -4.53720097569097 1.6618478828565653 0.8417230886332298
v -4.5523845668613845 1.6731795500461342 0.8342157674529465
v -4.471217478088118 1.7056375717011973 0.8362274814348237
v -4.500362289943688 1.7237317886228343 0.8287784361678077
v -4.493873660250254 1.7147263172124978 0.8192879408303112
v -4.148563642885746 2.123938765722007 0.40328725000834365
v -4.1533219936484365 2.1423178133404064 0.4202528740130247
v -4.258623824307495 2.182649557740062 0.3714459016636753
v -4.260034278363765 2.1965270588895307 0.38036792624166527
v -4.339415107190214 2.1611097690004972 0.43365911051162315
v -4.341795494323613 2.172716259972759 0.44040482836498684
v -4.39165031039343 2.0784234749823076 0.493102567524328
v -4.394406319665689 2.0936514784939795 0.5027607650248236
v -4.45539636212283 2.043748382813702 0.5347835982617276
v -4.456615055274603 2.0515679667365028 0.544910630889404
v -4.534701567765847 2.033573902279986 0.5458335396229239
v -4.540560109915218 2.0353025799601348 0.5623115846807892
v -4.523340255079406 1.868288711373729 0.6662513762071798
v -4.528793500369711 1.8701267176578997 0.6738567003806634
v -4.1521915251375425 2.115157290161277 0.42369056091140556
v -4.26183903078911 2.168588594495955 0.3910835956778784
v -4.331050246736182 2.150976369419733 0.4502257915635888
v -4.3791620175473795 2.068032226887287 0.5152185154871132
v -4.448553294156797 2.0333980012719244 0.5547768274032117
v -4.529126909347503 2.0239074499241765 0.5644846175816162
v -4.506004857752511 1.8610953653203914 0.6771295674651364
v -4.019188411769305 0.6609118495462343 0.33854942822022704
v -4.030927381090861 0.6765300325489283 0.33500509587929134
v -4.024278112644714 0.6552470748564004 0.33244181370692194
v -4.013143830369813 0.6074452499458135 -0.12466468553449157
v -4.028527990101629 0.5954554338555961 -0.1264536880763098
v -4.023929094437402 0.6132413054031747 -0.1313710652983865
v -4.0458737497713795 0.6062132616408449 -0.07429501433122929
v -4.039368710831204 0.6212345532173964 -0.07931083945114396
v -4.034789892843282 0.6170574317213693 -0.0778961334631213
v -3.9683490655253517 0.6480862394939536 0.2974334125871609
v -3.9789223568104424 0.6621837961288418 0.29214618944217463
v -3.940540792623794 0.7022739355503705 0.26162380967961646
v -3.9476902636101587 0.7108756024315593 0.2616549015407267
v -3.94099223589415 0.7257003865052659 0.20391816119268263
v -3.954647096304077 0.7388382012307769 0.20503357633205616
v -3.945321357428739 0.7053256116072479 0.14939806401333228
v -3.955328629833947 0.7224012807108008 0.1470821929008595
v -3.9508366680957283 0.7136765462957421 0.10076484132426239
v -3.9555077223602533 0.7198006969123196 0.09991525868073696
v -3.9324860833475164 0.7303528381905999 0.0570911848954397
v -3.9424178211106713 0.7428031286157384 0.05016030561405073
v -3.973482213603172 0.6656581861568575 -0.010969812360883513
v -3.974904471686175 0.6662450792578326 -0.01229768234273479
v -3.976982112133355 0.6466599535508992 0.29025365514573476
v -3.9470239727690086 0.6984352018213946 0.2572184627107267
v -3.960153655343401 0.716953632510023 0.20501556025012474
v -3.966540977594149 0.6946061253711209 0.15017473448524732
v -3.958730959677571 0.710756572498792 0.09903746965040629
v -3.9518218651570103 0.7193817071150129 0.05885916350930231
v -3.9783243013815204 0.6593174459035558 -0.0121192212459248
v -3.1334281150097967 0.5415304268105339 -0.2736725345997559
v -3.147143491300424 0.5464429917094767 -0.30102099196653315
v -3.1201092567863533 0.5422216698522652 -0.27599176238377776
v -3.166410929558812 1.064533701678859 0.577276645668228
v -3.16364240821333 1.0672305204357055 0.5845162682982381
v -3.1591780139480243 1.0704072068315411 0.5760764315587205
v -3.0914058047421493 0.9959874942020371 0.4708675366106126
v -3.090423437831805 1.0038111942909913 0.44978650387702807
v -3.099231652583665 0.9987609322115152 0.4534553827165634
v -3.108448533043286 0.6188163582810358 -0.1896540598116418
v -3.115576596676702 0.6187613926840827 -0.2030892651645157
v -3.1573305794526814 0.6854893749470367 -0.1861122425490392
v -3.1630475970611935 0.6828831777153535 -0.19934332858446963
v -3.1704351004629103 0.7253867995899156 -0.17950534047411654
v -3.1733012256384425 0.7269617035455517 -0.2010961146270983
v -3.128942890421329 0.7733240340376308 -0.09769093467434281
v -3.1294730360884495 0.7807017665925716 -0.1114010677007437
v -3.1206276837521765 0.8172677264917446 -0.0409099324596936
v -3.1184528523286823 0.8229239861325965 -0.057774699269269036
v -3.12821488597211 0.8729634203181237 0.007041178400492343
v -3.123536943102827 0.8800284049500997 -0.006905017610218889
v -3.09289267090067 0.9403058179138207 0.24005959535986066
v -3.079104483161144 0.9499455720714826 0.23237940892500714
v -3.1090984232091805 0.6182188988759265 -0.19375359992714897
v -3.1547205452849743 0.6865668766819587 -0.18968633893120146
v -3.1510753794147965 0.7303198543220548 -0.1867088192825861
v -3.1191764830670397 0.7722511394031133 -0.1016997272520585
v -3.1066079778000786 0.8170470037362006 -0.04515078562782604
v -3.1140819727500846 0.871160931649783 0.01016736741491503
v -3.0758790722674294 0.9296260684784227 0.25225822945160664
v -4.272085168846332 0.36903560094739635 -0.4536954545317435
v -4.266737062981975 0.3660824372943918 -0.45994731003338923
v -4.272193553310511 0.3694091923097547 -0.45143717021222585
v -3.8061337621951745 0.9459731094550409 -0.1776684611227896
v -3.8132419309136534 0.9434078857769569 -0.17138712422390198
v -3.805417762126841 0.9441785393948642 -0.17093081133001886
v -3.835886419293311 0.8808144254906088 -0.20833711688592282
v -3.8179394307382504 0.880299845959991 -0.20513827619368746
v -3.8261872862384516 0.8854196400308982 -0.21268859245208616
v -4.234505585745941 0.4386410813358053 -0.4609263124037749
v -4.228718651805123 0.4388680057470419 -0.462381370564685
v -4.1266726348877745 0.5074373327004338 -0.5122342959333476
v -4.119472865163423 0.5031922435469847 -0.5168385966742404
v -4.030423885182821 0.5688054613150367 -0.500072878670916
v -4.016928799160708 0.5627558568253639 -0.5044525863478944
v -3.9824340989252343 0.6283735122542043 -0.4583162936278279
v -3.975776636589328 0.6238380954854443 -0.4581770633068107
v -3.9123917278850486 0.6901286793455661 -0.42677309912766154
v -3.904460140949086 0.6782472715245794 -0.4221400976573544
v -3.8322506452362655 0.7470960831169842 -0.38942451510562853
v -3.816628812536752 0.7423097109798491 -0.3796837638888707
v -3.8419730704799346 0.8114413347399417 -0.30889348549285933
v -3.837845332456437 0.8106138292807173 -0.30463082791141627
v -4.231399064524306 0.4378751255621372 -0.4590080403842975
v -4.125709174420632 0.5083562189691729 -0.5070537211393622
v -4.031235350989382 0.5664424561574036 -0.49390936074789576
v -3.985156505106382 0.6247028444165023 -0.45096308434370713
v -3.9175875687997825 0.6816768706835483 -0.41345957473708894
v -3.842376277393928 0.7395357488381195 -0.37470281520189574
v -3.8494922564078355 0.8091472511430311 -0.3040637054232474
v -4.070997207391043 2.9218463696834895 0.1467315795176391
v -4.073494956300753 2.9054553950057067 0.13202263227523264
v -4.092003446854206 2.893825656492484 0.1569228153717099
v -3.814296369176279 2.079063810007733 0.4424592805400227
v -3.8194322258054343 2.0716376452041354 0.4500686677329776
v -3.8135170446511126 2.0638538626421234 0.43959896693483524
v -3.903419766245049 2.1090880039350566 0.43491433950100616
v -3.890170071661659 2.0969559901396546 0.40685497456138997
v -3.8803325995919264 2.1200807050021235 0.4163909594862799
v -4.008774951766465 2.8599034985354757 0.1892373319655504
v -4.013803198227664 2.845456357006473 0.1732804901495865
v -3.914316908161142 2.812001609977416 0.15996622949383388
v -3.9184991653443717 2.8059367658213703 0.14765318581621317
v -3.9089653641326083 2.685165925092557 0.16640440196260506
v -3.91548238516997 2.67703253085388 0.1469158005909317
v -3.9183581376395837 2.5724350034226107 0.21547164878006195
v -3.9249041852423634 2.5645891350373256 0.2053094514538316
v -3.9087885769479414 2.4738093267913155 0.23293531021968103
v -3.9156972779711827 2.4654859256793475 0.22444255724446843
v -3.876830217866229 2.393367496843567 0.237888566748515
v -3.8828462701393933 2.3749898930482636 0.22890616082467946
v -3.890048888294557 2.2760562289437636 0.34420802290085256
v -3.8958606945305476 2.261578018555304 0.3359850657520024
v -4.019114136992203 2.841577541387199 0.1903301830123976
v -3.9272132927058188 2.7952050058648603 0.16651751752631674
v -3.935272212840518 2.674231273655264 0.1715482925666307
v -3.934266261977278 2.561039834375498 0.2166816799161069
v -3.9217152641206994 2.4636040740504987 0.23560351028292204
v -3.8900629096996453 2.3825141908724294 0.24462586487642532
v -3.90214046881381 2.268477721179091 0.350542732454324
vt 0 0
vt 0 0
vt 0 0
vt 0 0
vt 0 0
vt 0 0
vt 0 0
vt 0 0
vt 0 0
vt 0 0
vt 0 0
vt 0 0
vt 0 0
vt 0 0
vt 0 0
vt 0 0
vt 0 0
vt 0 0
vt 0 0
vt 0 0
vt 0 0
vt 0 0
vt 0 0
vt 0 0
vt 0 0
vt 0 0
vt 0 0
vt 0 0
vt 0 0
vt 0 0
vt 0 0
vt 0 0
vt 0 0
vt 0 0
vt 0 0
vt 0 0
vt 0 0
vt 0 0
vt 0 0
vt 0 0
vt 0 0
vt 0 0
vt 0 0
vt 0 0
vt 0 0
vt 0 0
vt 0 0
vt 0 0
vt 0 0
vt 0 0
vt 0 0
vt 0 0
vt 0 0
vt 0 0
vt 0 0
vt 0 0
vt 0 0
vt 0 0
vt 0 0
vt 0 0
vt 0 0
vt 0 0
vt 0 0
vt 0 0
vt 0 0
vt 0 0
vt 0 0
vt 0 0
vt 0 0
vt 0 0
vt 0 0
vt 0 0
vt 0 0
vt 0 0
vt 0 0
vt 0 0
vt 0 0
vt 0 0
vt 0 0
vt 0 0
vt 0 0
vt 0 0
vt 0 0
vt 0 0
vt 0 0
vt 0 0
vt 0 0
vt 0 0
vt 0 0
vt 0 0
vt 0 0
vt 0 0
vt 0 0
vt 0 0
vt 0 0
vt 0 0
vt 0 0
vt 0 0
vt 0 0
vt 0 0
vt 0 0
vt 0 0
vt 0 0
vt 0 0
vt 0 0
vt 0 0
vt 0 0
vt 0 0
vt 0 0
vt 0 0
vt 0 0
vt 0 0
vt 0 0
vt 0 0
vt 0 0
vt 0 0
vt 0 0
vt 0 0
vt 0 0
vt 0 0
vt 0 0
vt 0 0
vt 0 0
vt 0 0
vt 0 0
vt 0 0
vt 0 0
vt 0 0
vt 0 0
vt 0 0
vt 0 0
vt 0 0
vt 0 0
vt 0 0
vt 0 0
vt 0 0
vt 0 0
vt 0 0
vt 0 0
vt 0 0
vt 0 0
vt 0 0
vt 0 0
vt 0 0
vt 0 0
vt 0 0
vt 0 0
vt 0 0
vt 0 0
vt 0 0
vt 0 0
vt 0 0
vt 0 0
vt 0 0
vt 0 0
vt 0 0
vt 0 0
vt 0 0
vt 0 0
vt 0 0
vt 0 0
vt 0 0
vt 0 0
vt 0 0
vt 0 0
vt 0 0
vt 0 0
vt 0 0
vt 0 0
vt 0 0
vt 0 0
vt 0 0
vt 0 0
vt 0 0
vt 0 0
vt 0 0
vt 0 0
vt 0 0
vt 0 0
vt 0 0
vt 0 0
vt 0 0
vt 0 0
vt 0 0
vt 0 0
vt 0 0
vt 0 0
vt 0 0
vt 0 0
vt 0 0
vt 0 0
vt 0 0
vt 0 0
vt 0 0
vt 0 0
vt 0 0
vt 0 0
vt 0 0
vt 0 0
vt 0 0
vt 0 0
vt 0 0
vt 0 0
vt 0 0
vt 0 0
vt 0 0
vt 0 0
vt 0 0
vt 0 0
vt 0 0
vt 0 0
vt 0 0
vt 0 0
vt 0 0
vt 0 0
vt 0 0
vt 0 0
vt 0 0
vt 0 0
vt 0 0
vt 0 0
vt 0 0
vt 0 0
vt 0 0
vt 0 0
vt 0 0
vt 0 0
vt 0 0
vt 0 0
vt 0 0
vt 0 0
vt 0 0
vt 0 0
vt 0 0
vt 0 0
vt 0 0
vt 0 0
vt 0 0
vt 0 0
vt 0 0
vn -0.5470269149403019 0.20420590491270774 -0.8118260298424029
vn -0.13795214583485513 0.4422010901970353 0.8862434210125976
vn 0.8038090364540813 -0.5762415156780943 -0.14777262440578698
vn -0.47803907714371835 -0.1064956428669998 -0.8718585428691553
vn 0.8220293776124903 0.3138896262300855 -0.47512209471583117
vn -0.26791155363902647 -0.23208383662407692 0.9350724529171905
vn 0.5749575315655552 0.19088524679665278 0.795604587374548
vn -0.9366105308681066 0.19806941493453395 0.2890142216820049
vn 0.31635929876522256 -0.3814078281840433 -0.8685878554784817
vn -0.8813249410359952 0.4093032193968361 -0.23608732049664355
vn 0.3771625153816969 0.35663616575867213 0.8547274900597875
vn -0.8963551263790112 0.3022700624797917 -0.3243151195096053
vn 0.32504398985553384 0.14731668013807964 0.9341542701352333
vn -0.9493334045176582 -0.1382107110575729 -0.2822479165837582
vn 0.5368197919957504 0.17509533451291381 0.8253278952958334
vn -0.8712634696271158 -0.4906986398274884 0.010715006522289438
vn 0.6768455096352687 0.290064336771977 0.6765669491037873
vn -0.60472967141334 -0.6535551839879712 0.4551567268477562
vn 0.7571683308926794 0.625094447079261 0.18961289756729818
vn 0.01874268655506918 -0.6404378638252319 0.7677812541861596
vn 0.9690944906625226 0.0450215481618158 -0.24254675501572762
vn 0.6148072500955126 -0.7637464386693031 0.1967318546904648
vn -0.3069277694733928 0.3707392110857184 -0.8765544944209841
vn 0.4627020739893701 -0.7098162784623478 -0.5311004062847233
vn 0.7714142805334724 -0.4521394291300766 -0.44776103494492897
vn 0.7686379861397515 0.019906781164715913 -0.6393741989841997
vn 0.1575189014530268 0.2365734744318747 -0.9587600256999991
vn -0.4061212477799477 -0.1261621194371959 -0.90506831328954
vn -0.7670718722372473 0.4725866625925281 -0.4338923704815519
vn -0.5667535117815546 0.6846114459567266 0.4583640746702507
vn -0.7029986922274846 -0.6008661025533579 -0.3804638820292722
vn 0.19863587988322445 0.21579394777872438 0.9560213174009723
vn 0.5154890533615024 0.5949818230690964 -0.61665846793978
vn 0.5030682603034625 -0.8596151744963877 -0.08935366389126219
vn 0.15694406630553986 0.2899136585457714 0.9440967273749487
vn -0.5659977048131851 0.35636373260378734 -0.7434053323933741
vn -0.4691993492694456 0.6990250804284064 0.5396442416788939
vn -0.1739852925348205 0.45185867408534264 -0.874958774249055
vn 0.4635306124921015 -0.8676778752513488 0.1796509840830319
vn -0.5976180867480487 -0.7527226006827165 0.2761545017070145
vn 0.40963327352291395 0.5022440841703727 0.7615454425960181
vn -0.5616532957085929 -0.7651313031953525 0.3148327560630526
vn 0.742705503066086 0.43351229542181996 0.510348533292158
vn -0.3780863167890016 -0.8753552545536246 0.30133688022259364
vn 0.8762794715903355 0.41372674991651076 0.2469098298425627
vn -0.1744276316936929 -0.9156726047347089 0.3621031375728233
vn 0.9255674164733113 0.3773491312945108 0.03053834760097585
vn -0.08623936132626053 -0.8871201668881749 0.45340994922733596
vn 0.9748409582289349 0.22284753002565824 0.004907598267532542
vn -0.08696857559573215 -0.6797228557286644 0.7282947935135325
vn 0.766706764059475 -0.197985155926638 -0.610706652966998
vn 0.2830668708968678 -0.9028322474050795 0.3236774314748396
vn 0.4315374997042719 0.0029848187368782995 -0.90209006047406
vn 0.1840571212162881 0.24238377085373072 -0.9525613280814516
vn -0.09063229230881852 0.506782382775774 -0.8572965671802015
vn -0.5743120345021194 0.5495754456521846 -0.6067392492349899
vn -0.8987702697658617 0.29379106805498456 -0.3254209743026895
vn -0.7787794491347061 0.5140815883797347 -0.35947557649221823
vn -0.5632750008565702 0.8179560646959112 -0.11691513861433485
vn -0.516802663042046 0.7896982874891167 0.33059283447982624
vn -0.7216746167484008 -0.6895850629682987 -0.06048296017934154
vn 0.0057319827752732025 0.873391679633806 0.48698472082797756
vn 0.7392375395343694 0.4164949241927136 -0.529206801038004
vn -0.9013421016041833 0.3544429227092084 0.24890285337277307
vn -0.9193862619014158 -0.3928495785131599 0.019952696283303692
vn 0.9668692291969508 0.2503489158856167 -0.04989302503347205
vn -0.860614423654001 -0.3882247255305107 -0.32958212373466417
vn 0.8581477900240014 0.5104113135339023 -0.05534131814041388
vn -0.792355303063896 -0.5701375133982598 0.2170628699768132
vn -0.8987385835978515 -0.41505676611264525 0.14141018088044618
vn 0.40525345469000085 0.9127403933054713 -0.05171665003065318
vn -0.9034129140840028 -0.38843559276518547 -0.1815568697114179
vn 0.8552147476722649 0.43260607531976036 0.28541149058911036
vn -0.6808061488981998 -0.7273178604821258 -0.08667016468257822
vn 0.6070056380694072 0.5466938004370904 0.576775557661386
vn -0.5342125276182098 -0.8075012815606921 0.2501172837162657
vn 0.6562163644943292 0.708778911031265 0.2588678007153065
vn -0.6914268057324734 -0.7115797305610448 0.12483292582191363
vn 0.5998389177514944 0.7954291938165667 0.08651976869503708
vn -0.8354512596266803 -0.5489142618139662 -0.026726877210436678
vn 0.8270750559864075 0.38858870181021565 0.4061350423080138
vn -0.6927573395616867 -0.6980758435274459 0.18104525723381618
vn 0.8504479392344175 0.5127043990416024 0.1177815853829525
vn 0.9357450705785028 -0.3418292675105859 -0.08679812648444239
vn 0.9307555824255891 0.3654402262566442 0.012144415057768953
vn 0.31102014320368004 0.7129895223279159 -0.6284205690237809
vn -0.19783488396912377 0.14075941497720507 -0.9700763607985705
vn 0.18281186340956637 -0.7670018407978134 -0.6150512164116805
vn 0.5061738278694449 0.6263798300357397 -0.592820684949835
vn -0.036614753571770145 0.6507050147006307 -0.7584473242515464
vn 0.5184062267152049 -0.4582651863550125 -0.7219750709532214
vn -0.2877446970722012 0.9196095962497655 -0.26743444017585055
vn 0.02369187918853768 -0.11559062026622074 0.9930143520448161
vn -0.1807214774955832 -0.09714502101807154 -0.9787249830586792
vn 0.3763838956808473 -0.733443989063745 -0.5660345201296211
vn -0.2940899069382961 0.3602489009672992 0.8852863130021142
vn 0.9501979966615974 -0.28503300126127734 0.12601569478551125
vn -0.11879787811780863 0.7114802924536117 0.6925914074003732
vn -0.18903638613117626 -0.6454604036444211 -0.740031156131717
vn 0.06074833839573974 -0.25547911350970726 -0.9649041724142614
vn 0.04985771001843116 0.8954509982126492 0.442359264118757
vn 0.012116057900792966 -0.2009727861903821 -0.9795218937582865
vn -0.10699202611771191 0.679113243327676 0.7261941263079671
vn -0.19124428521038975 -0.4876413983935479 -0.8518400612480915
vn -0.1331720761708487 0.7990374163140597 0.586348365273152
vn -0.2577464502046811 -0.5439949350627699 -0.7985213071878161
vn -0.23391321527842984 0.7848013818802965 0.573908876666744
vn -0.2530842682464331 -0.49714249647174313 -0.8299383660055789
vn -0.02135543657187828 0.8321810804859445 0.5540925866766946
vn -0.06891248660317172 -0.38063025813261464 -0.9221559931942463
vn -0.7380816463627746 0.4585645443866752 0.4949283199957921
vn -0.20735076467783228 -0.6549749136406198 -0.726645390055549
vn -0.421106147766327 0.5169311612632019 0.745286379070812
vn -0.12209918551805446 -0.4773843667315999 0.8701700726272406
vn 0.04901067448494795 -0.600413552106936 0.7981863944172827
vn 0.5924878214910458 -0.07185143036055631 0.8023687140834546
vn 0.8209344299116833 -0.26805537274425867 0.5041953777341835
vn 0.3768438661939091 -0.8529608883541068 0.3611736749130536
vn 0.6766780169320217 0.11489840562866854 0.7272587007282458
vn 0.6650105391263681 0.5853142748055117 0.4638622452407126
vn 0.45390984644740445 -0.38451448067232913 0.8038124566410891
vn 0.290982946208874 0.9155709301998849 0.2775946627522241
vn -0.704915389637843 -0.3425782300088186 -0.6210752368077099
vn 0.9792544705113179 0.05530750693826525 0.19494040540604216
vn 0.20843026704335413 -0.9716410361878501 0.11167148506237858
vn -0.718092938144299 0.5277256057438942 -0.45370498920502095
vn -0.906075955473811 -0.4221164131150651 0.029053342167331277
vn -0.5540891732432923 0.8277827929478205 0.08809560598617243
vn 0.8377605141097544 -0.5457766051797135 0.016888405403336203
vn 0.8004656132114979 0.11651227993240465 0.5879453126702294
vn -0.5664528162046555 0.8192092006527161 -0.08959627547924415
vn 0.8949169978466033 -0.24788547844792605 0.37104764726361705
vn -0.3230685348973452 0.9412236919639301 0.09861380960632135
vn 0.9261588310964521 -0.3605074392272191 0.11074387497232732
vn -0.26982811343803637 0.9611348576027169 0.05841724659272592
vn 0.9709928329643397 -0.2061877407423683 -0.12107656213918562
vn -0.5935163500950446 0.797556723658573 -0.10789631465837511
vn 0.9603573947857278 -0.2760552640041936 -0.03882222940461876
vn -0.541661027570511 0.8147805950251604 0.20672666296756137
vn 0.9404553835398245 -0.33478441404449777 0.05884783499708137
vn -0.5210570677248454 0.7900837310983818 -0.3229043666902721
vn 0.8521750526231503 -0.27700788981292096 -0.4439192591768505
vn -0.8317219051656485 0.5395092476048646 -0.1310284099592783
vn -0.4881072211274386 -0.6155971196438683 -0.618701484537917
vn -0.8092625842312665 -0.424973420546124 -0.40557571622652583
vn -0.9154875097181446 -0.4023317553019035 -0.003431941980789307
vn -0.6585765614560565 -0.7385291883367368 0.14440066023186307
vn -0.6229860488793638 -0.7066083653029773 -0.33554880566846496
vn -0.8432074817390937 -0.4672940803508284 0.26577694634465493
vn -0.31150291043540296 -0.36032484857945624 0.8792792163394204
vn -0.5704611448100091 -0.5746320386564581 0.5868322608817419
vn -0.8273408252770631 0.4709756029458378 -0.3060868181736562
vn 0.8695955835496957 0.2081881526404002 -0.4477289516784028
vn -0.7405882999374371 0.3558707200421061 -0.5699868424906752
vn -0.24522467498567205 -0.8844904884605675 0.3969148959171954
vn 0.7298799174816519 0.6792328792166479 0.07692855027907022
vn 0.02194181066761455 -0.8970553029758247 0.4413732438057139
vn 0.7955365656200124 0.5875491974542839 -0.1480118688901092
vn -0.9841250612307936 0.10544025271104922 -0.1427592973004447
vn -0.8159429973142682 -0.25323179393382 0.5197217367735042
vn 0.42211132537168633 0.552707608479436 -0.7185654657175649
vn -0.47808069032599837 -0.44930279047758687 0.7546958698750581
vn -0.678975216354744 -0.05551136728963567 -0.7320595219500006
vn -0.3716388260476128 -0.664117798811581 0.6487157561487257
vn -0.5501608931602447 0.6807276861328895 -0.4836660097311819
vn -0.7893358364264884 -0.2726569992158014 0.5500973533035131
vn -0.2483312364472231 0.8436834891032845 -0.47595143367690523
vn -0.7442680614115009 -0.45702406588605343 0.4870257241293797
vn -0.1918606489164003 0.6602500697872876 -0.7261262539966861
vn -0.8195939316285602 -0.5209917579728847 0.23839751542740975
vn -0.09490224611442931 0.9331493696212407 -0.3467359480323858
vn -0.9935234872145934 -0.06867220138528374 0.09052739425087189
vn 0.5811864264649401 0.7659180817501442 -0.2749396838237294
vn 0.9584295622673445 0.13557195687679227 -0.25106377413044617
vn 0.7573722649607978 0.28907904627679837 -0.5855088020447242
vn 0.9513306094621622 0.0035371378919559883 -0.3081518459394401
vn 0.8927311181163652 -0.44778037458176095 -0.050238300987617036
vn 0.9953311846991872 -0.09049547724285428 0.033561903460628276
vn 0.9693630604006432 -0.24560315705838737 -0.0037876607097381146
vn 0.6037357132073475 -0.7687249770149842 0.21110447250432046
vn -0.8551648908584669 0.4248176442129414 -0.29702353207850873
vn 0.15929911411625206 -0.21866993830161507 -0.9627082893197425
vn 0.6848343729711679 -0.34548511630857304 0.6415932636853655
vn 0.4928250248093993 0.3815486866239339 -0.7820128481407234
vn -0.7859388739110494 0.517870036964791 -0.33780276980735
vn 0.14564636615204393 -0.47498480043469843 0.8678574625955084
vn -0.8690558619197567 -0.10812780438035115 0.48275282162074756
vn 0.4925281835430348 -0.7114519617082148 0.5012505307701246
vn 0.08993311047267247 0.68638535505256 -0.721655859818294
vn -0.6804529247941837 0.6123377792859526 -0.4025248578636966
vn 0.2424131933081738 -0.5283604097926322 -0.8136775289227889
vn -0.5454318016652738 0.6136636595874619 -0.570894966376388
vn 0.41644517811668164 -0.4808819587064646 -0.7715736876112349
vn -0.3829226395307278 0.6725930151025857 -0.6332368341860991
vn 0.6877065131137984 -0.7259844583517306 -0.002513573672136302
vn -0.42468089814237014 0.778776668503011 -0.46168499580161904
vn 0.7077003309631035 -0.6944257815979649 -0.13012715092081809
vn -0.3444999778572318 0.7672383066318862 -0.5409853473921477
vn 0.658499173115536 -0.699766524383368 -0.2769578494258223
vn -0.099181439972783 0.6018573720013267 -0.7924208135407484
vn 0.7258446321337518 -0.6053282111111642 0.3266914857102593
vn -0.01203789497679431 0.8104809780309972 -0.5856412496865689
vn 0.634485879834539 -0.5759354838857147 0.5154861653739299
vn 0.46371373806951915 -0.26460974021501626 0.8455479019599866
vn 0.31906449173730284 -0.40537105837789184 0.8566633849663499
vn 0.07728011618378837 -0.4729939858002365 0.8776699112077534
vn -0.18544811557802288 -0.4774581536641592 0.8588612856149546
vn -0.35081115680673025 -0.19494781565889546 0.9159295177194308
vn -0.600356917320213 -0.14431241795388447 0.7866037743680577
vn -0.7824492668725682 -0.5201893411496497 0.34231008475485186
vn -0.018542659408969018 0.6653975358263371 0.7462588619897801
vn 0.33348556847280103 -0.0768739301473618 -0.939615758958986
vn -0.8156736352568699 -0.559240799804065 0.14807514504923652
vn 0.5776662249250302 0.3906114886153108 -0.7167456993540983
vn 0.08019821048455467 0.46024510048417683 0.8841621426612797
vn -0.3161424751960819 -0.9479547531342761 -0.037890914307105665
vn -0.5727023872117608 0.016962510312945187 0.819587853085826
vn -0.4975538721321356 -0.4273864682326768 -0.7548383609077626
vn 0.9162319266637854 0.37346370487264885 0.14506521879748682
vn 0.6800382572406366 0.6346683499248034 0.3670749981854461
vn -0.048623891973301005 -0.222966529441928 -0.9736126765187431
vn 0.6324061970829721 0.4956754677566519 0.5952883608431105
vn 0.017089443467385737 -0.30266663597557486 -0.9529432608446339
vn 0.7442824323807575 0.18827353715087383 0.6407782268913961
vn -0.15926107309634985 -0.21813428992101427 -0.9628360930900202
vn 0.8734511621688094 0.060383761469529874 0.4831530488952206
vn -0.15427854284111053 -0.3214261760716549 -0.9342822617147225
vn 0.8658429149189469 0.21861250469850133 0.45002735413984474
vn -0.09935168599672538 -0.09682398676413317 -0.9903304287341206
vn 0.8372582020031605 0.4570411432619647 0.30018676943568184
vn 0.28908174477617943 -0.5460045007349597 -0.7863274318083575
vn 0.8826839215603696 0.1928378123818602 0.42858216567489804
vn 0.0225980767552718 -0.4827653822532669 -0.8754581158598165
vn -0.5307025734306224 -0.4237127303825864 0.7340451625519022
vn -0.9413446127592213 -0.284371329603751 0.18166801294830748
vn -0.9253473531463526 0.02485855400011781 0.3783045444057771
vn -0.6800718739574595 0.24205007856764646 0.6920361303554788
vn -0.7488220262130931 -0.10067111244682907 0.6550808348416518
vn -0.9451220539882127 0.028238489772302873 0.32549483983694943
vn -0.9893820549980413 0.13089415811457777 0.06316540682468931
f 481/481/481 482/482/482 483/483/483
f 484/484/484 485/485/485 486/486/486
f 487/487/487 488/488/488 486/486/486
f 487/487/487 486/486/486 485/485/485
f 489/489/489 487/487/487 485/485/485
f 489/489/489 485/485/485 484/484/484
f 488/488/488 489/489/489 484/484/484
f 488/488/488 484/484/484 486/486/486
f 482/482/482 481/481/481 490/490/490
f 482/482/482 490/490/490 491/491/491
f 491/491/491 490/490/490 492/492/492
f 491/491/491 492/492/492 493/493/493
f 493/493/493 492/492/492 494/494/494
f 493/493/493 494/494/494 495/495/495
f 495/495/495 494/494/494 496/496/496
f 495/495/495 496/496/496 497/497/497
f 497/497/497 496/496/496 498/498/498
f 497/497/497 498/498/498 499/499/499
f 499/499/499 498/498/498 500/500/500
f 499/499/499 500/500/500 501/501/501
f 501/501/501 500/500/500 502/502/502
f 501/501/501 502/502/502 503/503/503
f 503/503/503 502/502/502 489/489/489
f 503/503/503 489/489/489 488/488/488
f 481/481/481 483/483/483 504/504/504
f 481/481/481 504/504/504 490/490/490
f 490/490/490 504/504/504 505/505/505
f 490/490/490 505/505/505 492/492/492
f 492/492/492 505/505/505 506/506/506
f 492/492/492 506/506/506 494/494/494
f 494/494/494 506/506/506 507/507/507
f 494/494/494 507/507/507 496/496/496
f 496/496/496 507/507/507 508/508/508
f 496/496/496 508/508/508 498/498/498
f 498/498/498 508/508/508 509/509/509
f 498/498/498 509/509/509 500/500/500
f 500/500/500 509/509/509 510/510/510
f 500/500/500 510/510/510 502/502/502
f 502/502/502 510/510/510 487/487/487
f 502/502/502 487/487/487 489/489/489
f 483/483/483 482/482/482 491/491/491
f 483/483/483 491/491/491 504/504/504
f 504/504/504 491/491/491 493/493/493
f 504/504/504 493/493/493 505/505/505
f 505/505/505 493/493/493 495/495/495
f 505/505/505 495/495/495 506/506/506
f 506/506/506 495/495/495 497/497/497
f 506/506/506 497/497/497 507/507/507
f 507/507/507 497/497/497 499/499/499
f 507/507/507 499/499/499 508/508/508
f 508/508/508 499/499/499 501/501/501
f 508/508/508 501/501/501 509/509/509
f 509/509/509 501/501/501 503/503/503
f 509/509/509 503/503/503 510/510/510
f 510/510/510 503/503/503 488/488/488
f 510/510/510 488/488/488 487/487/487
f 511/511/511 512/512/512 513/513/513
f 514/514/514 515/515/515 516/516/516
f 517/517/517 518/518/518 516/516/516
f 517/517/517 516/516/516 515/515/515
f 519/519/519 517/517/517 515/515/515
f 519/519/519 515/515/515 514/514/514
f 518/518/518 519/519/519 514/514/514
f 518/518/518 514/514/514 516/516/516
f 512/512/512 511/511/511 520/520/520
f 512/512/512 520/520/520 521/521/521
f 521/521/521 520/520/520 522/522/522
f 521/521/521 522/522/522 523/523/523
f 523/523/523 522/522/522 524/524/524
f 523/523/523 524/524/524 525/525/525
f 525/525/525 524/524/524 526/526/526
f 525/525/525 526/526/526 527/527/527
f 527/527/527 526/526/526 528/528/528
f 527/527/527 528/528/528 529/529/529
f 529/529/529 528/528/528 530/530/530
f 529/529/529 530/530/530 531/531/531
f 531/531/531 530/530/530 532/532/532
f 531/531/531 532/532/532 533/533/533
f 533/533/533 532/532/532 519/519/519
f 533/533/533 519/519/519 518/518/518
f 511/511/511 513/513/513 534/534/534
f 511/511/511 534/534/534 520/520/520
f 520/520/520 534/534/534 535/535/535
f 520/520/520 535/535/535 522/522/522
f 522/522/522 535/535/535 536/536/536
f 522/522/522 536/536/536 524/524/524
f 524/524/524 536/536/536 537/537/537
f 524/524/524 537/537/537 526/526/526
f 526/526/526 537/537/537 538/538/538
f 526/526/526 538/538/538 528/528/528
f 528/528/528 538/538/538 539/539/539
f 528/528/528 539/539/539 530/530/530
f 530/530/530 539/539/539 540/540/540
f 530/530/530 540/540/540 532/532/532
f 532/532/532 540/540/540 517/517/517
f 532/532/532 517/517/517 519/519/519
f 513/513/513 512/512/512 521/521/521
f 513/513/513 521/521/521 534/534/534
f 534/534/534 521/521/521 523/523/523
f 534/534/534 523/523/523 535/535/535
f 535/535/535 523/523/523 525/525/525
f 535/535/535 525/525/525 536/536/536
f 536/536/536 525/525/525 527/527/527
f 536/536/536 527/527/527 537/537/537
f 537/537/537 527/527/527 529/529/529
f 537/537/537 529/529/529 538/538/538
f 538/538/538 529/529/529 531/531/531
f 538/538/538 531/531/531 539/539/539
f 539/539/539 531/531/531 533/533/533
f 539/539/539 533/533/533 540/540/540
f 540/540/540 533/533/533 518/518/518
f 540/540/540 518/518/518 517/517/517
f 541/541/541 542/542/542 543/543/543
f 544/544/544 545/545/545 546/546/546
f 547/547/547 548/548/548 546/546/546
f 547/547/547 546/546/546 545/545/545
f 549/549/549 547/547/547 545/545/545
f 549/549/549 545/545/545 544/544/544
f 548/548/548 549/549/549 544/544/544
f 548/548/548 544/544/544 546/546/546
f 542/542/542 541/541/541 550/550/550
f 542/542/542 550/550/550 551/551/551
f 551/551/551 550/550/550 552/552/552
f 551/551/551 552/552/552 553/553/553
f 553/553/553 552/552/552 554/554/554
f 553/553/553 554/554/554 555/555/555
f 555/555/555 554/554/554 556/556/556
f 555/555/555 556/556/556 557/557/557
f 557/557/557 556/556/556 558/558/558
f 557/557/557 558/558/558 559/559/559
f 559/559/559 558/558/558 560/560/560
f 559/559/559 560/560/560 561/561/561
f 561/561/561 560/560/560 562/562/562
f 561/561/561 562/562/562 563/563/563
f 563/563/563 562/562/562 549/549/549
f 563/563/563 549/549/549 548/548/548
f 541/541/541 543/543/543 564/564/564
f 541/541/541 564/564/564 550/550/550
f 550/550/550 564/564/564 565/565/565
f 550/550/550 565/565/565 552/552/552
f 552/552/552 565/565/565 566/566/566
f 552/552/552 566/566/566 554/554/554
f 554/554/554 566/566/566 567/567/567
f 554/554/554 567/567/567 556/556/556
f 556/556/556 567/567/567 568/568/568
f 556/556/556 568/568/568 558/558/558
f 558/558/558 568/568/568 569/569/569
f 558/558/558 569/569/569 560/560/560
f 560/560/560 569/569/569 570/570/570
f 560/560/560 570/570/570 562/562/562
f 562/562/562 570/570/570 547/547/547
f 562/562/562 547/547/547 549/549/549
f 543/543/543 542/542/542 551/551/551
f 543/543/543 551/551/551 564/564/564
f 564/564/564 551/551/551 553/553/553
f 564/564/564 553/553/553 565/565/565
f 565/565/565 553/553/553 555/555/555
f 565/565/565 555/555/555 566/566/566
f 566/566/566 555/555/555 557/557/557
f 566/566/566 557/557/557 567/567/567
f 567/567/567 557/557/557 559/559/559
f 567/567/567 559/559/559 568/568/568
f 568/568/568 559/559/559 561/561/561
f 568/568/568 561/561/561 569/569/569
f 569/569/569 561/561/561 563/563/563
f 569/569/569 563/563/563 570/570/570
f 570/570/570 563/563/563 548/548/548
f 570/570/570 548/548/548 547/547/547
f 571/571/571 572/572/572 573/573/573
f 574/574/574 575/575/575 576/576/576
f 577/577/577 578/578/578 576/576/576
f 577/577/577 576/576/576 575/575/575
f 579/579/579 577/577/577 575/575/575
f 579/579/579 575/575/575 574/574/574
f 578/578/578 579/579/579 574/574/574
f 578/578/578 574/574/574 576/576/576
f 572/572/572 571/571/571 580/580/580
f 572/572/572 580/580/580 581/581/581
f 581/581/581 580/580/580 582/582/582
f 581/581/581 582/582/582 583/583/583
f 583/583/583 582/582/582 584/584/584
f 583/583/583 584/584/584 585/585/585
f 585/585/585 584/584/584 586/586/586
f 585/585/585 586/586/586 587/587/587
f 587/587/587 586/586/586 588/588/588
f 587/587/587 588/588/588 589/589/589
f 589/589/589 588/588/588 590/590/590
f 589/589/589 590/590/590 591/591/591
f 591/591/591 590/590/590 592/592/592
f 591/591/591 592/592/592 593/593/593
f 593/593/593 592/592/592 579/579/579
f 593/593/593 579/579/579 578/578/578
f 571/571/571 573/573/573 594/594/594
f 571/571/571 594/594/594 580/580/580
f 580/580/580 594/594/594 595/595/595
f 580/580/580 595/595/595 582/582/582
f 582/582/582 595/595/595 596/596/596
f 582/582/582 596/596/596 584/584/584
f 584/584/584 596/596/596 597/597/597
f 584/584/584 597/597/597 586/586/586
f 586/586/586 597/597/597 598/598/598
f 586/586/586 598/598/598 588/588/588
f 588/588/588 598/598/598 599/599/599
f 588/588/588 599/599/599 590/590/590
f 590/590/590 599/599/599 600/600/600
f 590/590/590 600/600/600 592/592/592
f 592/592/592 600/600/600 577/577/577
f 592/592/592 577/577/577 579/579/579
f 573/573/573 572/572/572 581/581/581
f 573/573/573 581/581/581 594/594/594
f 594/594/594 581/581/581 583/583/583
f 594/594/594 583/583/583 595/595/595
f 595/595/595 583/583/583 585/585/585
f 595/595/595 585/585/585 596/596/596
f 596/596/596 585/585/585 587/587/587
f 596/596/596 587/587/587 597/597/597
f 597/597/597 587/587/587 589/589/589
f 597/597/597 589/589/589 598/598/598
f 598/598/598 589/589/589 591/591/591
f 598/598/598 591/591/591 599/599/599
f 599/599/599 591/591/591 593/593/593
f 599/599/599 593/593/593 600/600/600
f 600/600/600 593/593/593 578/578/578
f 600/600/600 578/578/578 577/577/577
f 601/601/601 602/602/602 603/603/603
f 604/604/604 605/605/605 606/606/606
f 607/607/607 608/608/608 606/606/606
f 607/607/607 606/606/606 605/605/605
f 609/609/609 607/607/607 605/605/605
f 609/609/609 605/605/605 604/604/604
f 608/608/608 609/609/609 604/604/604
f 608/608/608 604/604/604 606/606/606
f 602/602/602 601/601/601 610/610/610
f 602/602/602 610/610/610 611/611/611
f 611/611/611 610/610/610 612/612/612
f 611/611/611 612/612/612 613/613/613
f 613/613/613 612/612/612 614/614/614
f 613/613/613 614/614/614 615/615/615
f 615/615/615 614/614/614 616/616/616
f 615/615/615 616/616/616 617/617/617
f 617/617/617 616/616/616 618/618/618
f 617/617/617 618/618/618 619/619/619
f 619/619/619 618/618/618 620/620/620
f 619/619/619 620/620/620 621/621/621
f 621/621/621 620/620/620 622/622/622
f 621/621/621 622/622/622 623/623/623
f 623/623/623 622/622/622 609/609/609
f 623/623/623 609/609/609 608/608/608
f 601/601/601 603/603/603 624/624/624
f 601/601/601 624/624/624 610/610/610
f 610/610/610 624/624/624 625/625/625
f 610/610/610 625/625/625 612/612/612
f 612/612/612 625/625/625 626/626/626
f 612/612/612 626/626/626 614/614/614
f 614/614/614 626/626/626 627/627/627
f 614/614/614 627/627/627 616/616/616
f 616/616/616 627/627/627 628/628/628
f 616/616/616 628/628/628 618/618/618
f 618/618/618 628/628/628 629/629/629
f 618/618/618 629/629/629 620/620/620
f 620/620/620 629/629/629 630/630/630
f 620/620/620 630/630/630 622/622/622
f 622/622/622 630/630/630 607/607/607
f 622/622/622 607/607/607 609/609/609
f 603/603/603 602/602/602 611/611/611
f 603/603/603 611/611/611 624/624/624
f 624/624/624 611/611/611 613/613/613
f 624/624/624 613/613/613 625/625/625
f 625/625/625 613/613/613 615/615/615
f 625/625/625 615/615/615 626/626/626
f 626/626/626 615/615/615 617/617/617
f 626/626/626 617/617/617 627/627/627
f 627/627/627 617/617/617 619/619/619
f 627/627/627 619/619/619 628/628/628
f 628/628/628 619/619/619 621/621/621
f 628/628/628 621/621/621 629/629/629
f 629/629/629 621/621/621 623/623/623
f 629/629/629 623/623/623 630/630/630
f 630/630/630 623/623/623 608/608/608
f 630/630/630 608/608/608 607/607/607
f 631/631/631 632/632/632 633/633/633
f 634/634/634 635/635/635 636/636/636
f 637/637/637 638/638/638 636/636/636
f 637/637/637 636/636/636 635/635/635
f 639/639/639 637/637/637 635/635/635
f 639/639/639 635/635/635 634/634/634
f 638/638/638 639/639/639 634/634/634
f 638/638/638 634/634/634 636/636/636
f 632/632/632 631/631/631 640/640/640
f 632/632/632 640/640/640 641/641/641
f 641/641/641 640/640/640 642/642/642
f 641/641/641 642/642/642 643/643/643
f 643/643/643 642/642/642 644/644/644
f 643/643/643 644/644/644 645/645/645
f 645/645/645 644/644/644 646/646/646
f 645/645/645 646/646/646 647/647/647
f 647/647/647 646/646/646 648/648/648
f 647/647/647 648/648/648 649/649/649
f 649/649/649 648/648/648 650/650/650
f 649/649/649 650/650/650 651/651/651
f 651/651/651 650/650/650 652/652/652
f 651/651/651 652/652/652 653/653/653
f 653/653/653 652/652/652 639/639/639
f 653/653/653 639/639/639 638/638/638
f 631/631/631 633/633/633 654/654/654
f 631/631/631 654/654/654 640/640/640
f 640/640/640 654/654/654 655/655/655
f 640/640/640 655/655/655 642/642/642
f 642/642/642 655/655/655 656/656/656
f 642/642/642 656/656/656 644/644/644
f 644/644/644 656/656/656 657/657/657
f 644/644/644 657/657/657 646/646/646
f 646/646/646 657/657/657 658/658/658
f 646/646/646 658/658/658 648/648/648
f 648/648/648 658/658/658 659/659/659
f 648/648/648 659/659/659 650/650/650
f 650/650/650 659/659/659 660/660/660
f 650/650/650 660/660/660 652/652/652
f 652/652/652 660/660/660 637/637/637
f 652/652/652 637/637/637 639/639/639
f 633/633/633 632/632/632 641/641/641
f 633/633/633 641/641/641 654/654/654
f 654/654/654 641/641/641 643/643/643
f 654/654/654 643/643/643 655/655/655
f 655/655/655 643/643/643 645/645/645
f 655/655/655 645/645/645 656/656/656
f 656/656/656 645/645/645 647/647/647
f 656/656/656 647/647/647 657/657/657
f 657/657/657 647/647/647 649/649/649
f 657/657/657 649/649/649 658/658/658
f 658/658/658 649/649/649 651/651/651
f 658/658/658 651/651/651 659/659/659
f 659/659/659 651/651/651 653/653/653
f 659/659/659 653/653/653 660/660/660
f 660/660/660 653/653/653 638/638/638
f 660/660/660 638/638/638 637/637/637
f 661/661/661 662/662/662 663/663/663
f 664/664/664 665/665/665 666/666/666
f 667/667/667 668/668/668 666/666/666
f 667/667/667 666/666/666 665/665/665
f 669/669/669 667/667/667 665/665/665
f 669/669/669 665/665/665 664/664/664
f 668/668/668 669/669/669 664/664/664
f 668/668/668 664/664/664 666/666/666
f 662/662/662 661/661/661 670/670/670
f 662/662/662 670/670/670 671/671/671
f 671/671/671 670/670/670 672/672/672
f 671/671/671 672/672/672 673/673/673
f 673/673/673 672/672/672 674/674/674
f 673/673/673 674/674/674 675/675/675
f 675/675/675 674/674/674 676/676/676
f 675/675/675 676/676/676 677/677/677
f 677/677/677 676/676/676 678/678/678
f 677/677/677 678/678/678 679/679/679
f 679/679/679 678/678/678 680/680/680
f 679/679/679 680/680/680 681/681/681
f 681/681/681 680/680/680 682/682/682
f 681/681/681 682/682/682 683/683/683
f 683/683/683 682/682/682 669/669/669
f 683/683/683 669/669/669 668/668/668
f 661/661/661 663/663/663 684/684/684
f 661/661/661 684/684/684 670/670/670
f 670/670/670 684/684/684 685/685/685
f 670/670/670 685/685/685 672/672/672
f 672/672/672 685/685/685 686/686/686
f 672/672/672 686/686/686 674/674/674
f 674/674/674 686/686/686 687/687/687
f 674/674/674 687/687/687 676/676/676
f 676/676/676 687/687/687 688/688/688
f 676/676/676 688/688/688 678/678/678
f 678/678/678 688/688/688 689/689/689
f 678/678/678 689/689/689 680/680/680
f 680/680/680 689/689/689 690/690/690
f 680/680/680 690/690/690 682/682/682
f 682/682/682 690/690/690 667/667/667
f 682/682/682 667/667/667 669/669/669
f 663/663/663 662/662/662 671/671/671
f 663/663/663 671/671/671 684/684/684
f 684/684/684 671/671/671 673/673/673
f 684/684/684 673/673/673 685/685/685
f 685/685/685 673/673/673 675/675/675
f 685/685/685 675/675/675 686/686/686
f 686/686/686 675/675/675 677/677/677
f 686/686/686 677/677/677 687/687/687
f 687/687/687 677/677/677 679/679/679
f 687/687/687 679/679/679 688/688/688
f 688/688/688 679/679/679 681/681/681
f 688/688/688 681/681/681 689/689/689
f 689/689/689 681/681/681 683/683/683
f 689/689/689 683/683/683 690/690/690
f 690/690/690 683/683/683 668/668/668
f 690/690/690 668/668/668 667/667/667
f 691/691/691 692/692/692 693/693/693
f 694/694/694 695/695/695 696/696/696
f 697/697/697 698/698/698 696/696/696
f 697/697/697 696/696/696 695/695/695
f 699/699/699 697/697/697 695/695/695
f 699/699/699 695/695/695 694/694/694
f 698/698/698 699/699/699 694/694/694
f 698/698/698 694/694/694 696/696/696
f 692/692/692 691/691/691 700/700/700
f 692/692/692 700/700/700 701/701/701
f 701/701/701 700/700/700 702/702/702
f 701/701/701 702/702/702 703/703/703
f 703/703/703 702/702/702 704/704/704
f 703/703/703 704/704/704 705/705/705
f 705/705/705 704/704/704 706/706/706
f 705/705/705 706/706/706 707/707/707
f 707/707/707 706/706/706 708/708/708
f 707/707/707 708/708/708 709/709/709
f 709/709/709 708/708/708 710/710/710
f 709/709/709 710/710/710 711/711/711
f 711/711/711 710/710/710 712/712/712
f 711/711/711 712/712/712 713/713/713
f 713/713/713 712/712/712 699/699/699
f 713/713/713 699/699/699 698/698/698
f 691/691/691 693/693/693 714/714/714
f 691/691/691 714/714/714 700/700/700
f 700/700/700 714/714/714 715/715/715
f 700/700/700 715/715/715 702/702/702
f 702/702/702 715/715/715 716/716/716
f 702/702/702 716/716/716 704/704/704
f 704/704/704 716/716/716 717/717/717
f 704/704/704 717/717/717 706/706/706
f 706/706/706 717/717/717 718/718/718
f 706/706/706 718/718/718 708/708/708
f 708/708/708 718/718/718 719/719/719
f 708/708/708 719/719/719 710/710/710
f 710/710/710 719/719/719 720/720/720
f 710/710/710 720/720/720 712/712/712
f 712/712/712 720/720/720 697/697/697
f 712/712/712 697/697/697 699/699/699
f 693/693/693 692/692/692 701/701/701
f 693/693/693 701/701/701 714/714/714
f 714/714/714 701/701/701 703/703/703
f 714/714/714 703/703/703 715/715/715
f 715/715/715 703/703/703 705/705/705
f 715/715/715 705/705/705 716/716/716
f 716/716/716 705/705/705 707/707/707
f 716/716/716 707/707/707 717/717/717
f 717/717/717 707/707/707 709/709/709
f 717/717/717 709/709/709 718/718/718
f 718/718/718 709/709/709 711/711/711
f 718/718/718 711/711/711 719/719/719
f 719/719/719 711/711/711 713/713/713
f 719/719/719 713/713/713 720/720/720
f 720/720/720 713/713/713 698/698/698
f 720/720/720 698/698/698 697/697/697
f 489/489/489 487/487/487 488/488/488
